-- MySQL dump 10.13  Distrib 9.0.1, for macos14.4 (arm64)
--
-- Host: localhost    Database: SCRIBBER_model
-- ------------------------------------------------------
-- Server version	8.3.0

/*!40101 SET @OLD_CHARACTER_SET_CLIENT=@@CHARACTER_SET_CLIENT */;
/*!40101 SET @OLD_CHARACTER_SET_RESULTS=@@CHARACTER_SET_RESULTS */;
/*!40101 SET @OLD_COLLATION_CONNECTION=@@COLLATION_CONNECTION */;
/*!50503 SET NAMES utf8mb4 */;
/*!40103 SET @OLD_TIME_ZONE=@@TIME_ZONE */;
/*!40103 SET TIME_ZONE='+00:00' */;
/*!40014 SET @OLD_UNIQUE_CHECKS=@@UNIQUE_CHECKS, UNIQUE_CHECKS=0 */;
/*!40014 SET @OLD_FOREIGN_KEY_CHECKS=@@FOREIGN_KEY_CHECKS, FOREIGN_KEY_CHECKS=0 */;
/*!40101 SET @OLD_SQL_MODE=@@SQL_MODE, SQL_MODE='NO_AUTO_VALUE_ON_ZERO' */;
/*!40111 SET @OLD_SQL_NOTES=@@SQL_NOTES, SQL_NOTES=0 */;

--
-- Table structure for table `Problem`
--

DROP TABLE IF EXISTS `Problem`;
/*!40101 SET @saved_cs_client     = @@character_set_client */;
/*!50503 SET character_set_client = utf8mb4 */;
CREATE TABLE `Problem` (
  `problem_id` varchar(10) NOT NULL,
  `problem_name` varchar(255) NOT NULL,
  `risk_id` varchar(10) DEFAULT NULL,
  PRIMARY KEY (`problem_id`),
  KEY `risk_id` (`risk_id`),
  CONSTRAINT `problem_ibfk_1` FOREIGN KEY (`risk_id`) REFERENCES `Risk` (`risk_id`)
) ENGINE=InnoDB DEFAULT CHARSET=utf8mb4 COLLATE=utf8mb4_0900_ai_ci;
/*!40101 SET character_set_client = @saved_cs_client */;

--
-- Dumping data for table `Problem`
--

LOCK TABLES `Problem` WRITE;
/*!40000 ALTER TABLE `Problem` DISABLE KEYS */;
INSERT INTO `Problem` VALUES ('C01','Brain Cancer','C'),('C02','Kidney Cancer','C'),('C03','Gastric Cancer','C'),('C04','Skin Cancer','C'),('C05','Heart Cancer','C'),('C06','Lung Cancer','C'),('C07','Breast Cancer','C'),('C08','Prostate Cancer','C'),('C09','Ovarian Cancer','C'),('C10','Liver Cancer','C'),('C11','Pancreatic Cancer','C'),('C12','Thyroid Cancer','C'),('C13','Esophageal Cancer','C'),('C15','Bladder Cancer','C'),('C16','Bone Cancer','C'),('C17','Oral Cancer','C'),('C18','Laryngeal Cancer','C'),('C19','Testicular Cancer','C'),('C20','Cervical Cancer','C'),('D01','Psoriasis','D'),('D02','Eczema (Atopic Dermatitis)','D'),('D03','Acne','D'),('D04','Rosacea','D'),('D05','Melanoma (Skin Cancer)','D'),('D06','Basal Cell Carcinoma','D'),('D07','Squamous Cell Carcinoma','D'),('D08','Vitiligo','D'),('D09','Alopecia Areata','D'),('D10','Hidradenitis Suppurativa','D'),('D11','Lichen Planus','D'),('D12','Urticaria (Hives)','D'),('D13','Cellulitis','D'),('D14','Contact Dermatitis','D'),('D15','Impetigo','D'),('D16','Shingles (Herpes Zoster)','D'),('D17','Warts','D'),('D18','Keloids','D'),('D19','Dermatitis Herpetiformis','D'),('D20','Scabies','D'),('E01','Diabetes Mellitus Type 1','E'),('E02','Diabetes Mellitus Type 2','E'),('E03','Hyperthyroidism','E'),('E04','Hypothyroidism','E'),('E05','Cushing’s Syndrome','E'),('E06','Addison’s Disease','E'),('E07','Polycystic Ovary Syndrome (PCOS)','E'),('E08','Hyperparathyroidism','E'),('E09','Hypoparathyroidism','E'),('E10','Acromegaly','E'),('E11','Gigantism','E'),('E12','Pituitary Adenoma','E'),('E13','Thyroid Cancer','E'),('E14','Goiter','E'),('E15','Metabolic Syndrome','E'),('E16','Adrenal Insufficiency','E'),('E17','Hyperaldosteronism','E'),('E18','Multiple Endocrine Neoplasia (MEN)','E'),('E19','Diabetes Insipidus','E'),('E20','Pheochromocytoma','E'),('G01','Gastroesophageal Reflux Disease (GERD)','G'),('G02','Irritable Bowel Syndrome (IBS)','G'),('G03','Crohn’s Disease','G'),('G04','Ulcerative Colitis','G'),('G05','Celiac Disease','G'),('G06','Peptic Ulcer Disease','G'),('G07','Diverticulitis','G'),('G08','Gallstones','G'),('G09','Pancreatitis','G'),('G10','Colorectal Cancer','G'),('G11','Liver Cirrhosis','G'),('G12','Hepatitis B','G'),('G13','Hepatitis C','G'),('G14','Fatty Liver Disease','G'),('G15','Appendicitis','G'),('G16','Biliary Atresia','G'),('G17','Gastroparesis','G'),('G18','Small Intestinal Bacterial Overgrowth (SIBO)','G'),('G19','Hemorrhoids','G'),('G20','Anal Fissures','G'),('H01','Heart Attack','H'),('H03','Coronary Artery Disease','H'),('H04','Heart Failure','H'),('H05','Arrhythmia','H'),('H06','Peripheral Artery Disease','H'),('H07','Endocarditis','H'),('H08','Aortic Aneurysm','H'),('H09','Cardiomyopathy','H'),('H10','Hypertension','H'),('H13','Angina','H'),('H15','Pulmonary Embolism','H'),('H17','Pericarditis','H'),('H18','Atherosclerosis','H'),('H19','Cardiac Arrest','H'),('H20','Rheumatic Heart Disease','H'),('H21','Myocarditis','H'),('H22','Congenital Heart Disease','H'),('I01','HIV/AIDS','I'),('I02','Tuberculosis','I'),('I03','Malaria','I'),('I04','Influenza','I'),('I05','Hepatitis A','I'),('I06','Hepatitis E','I'),('I07','Dengue Fever','I'),('I08','Zika Virus','I'),('I09','Chikungunya','I'),('I10','Lyme Disease','I'),('I11','Rabies','I'),('I12','Ebola Virus Disease','I'),('I13','Measles','I'),('I14','Mumps','I'),('I15','Rubella','I'),('I16','Chickenpox','I'),('I17','West Nile Virus','I'),('I18','H1N1 (Swine Flu)','I'),('I19','COVID-19','I'),('I20','SARS','I'),('J001','Autoimmune Diseases','J'),('J002','Allergies','J'),('J003','Chronic Fatigue Syndrome','J'),('J004','Rheumatoid Arthritis','J'),('J005','Lupus','J'),('J006','Multiple Sclerosis','J'),('J007','Hashimoto\'s Thyroiditis','J'),('J008','Celiac Disease','J'),('J009','Psoriasis','J'),('J010','Crohn\'s Disease','J'),('J011','Ulcerative Colitis','J'),('J012','Scleroderma','J'),('J013','Dermatomyositis','J'),('J014','Sjögren\'s Syndrome','J'),('J015','Vasculitis','J'),('J016','Type 1 Diabetes','J'),('J017','Graves\' Disease','J'),('J018','Myasthenia Gravis','J'),('J019','Pernicious Anemia','J'),('J020','Addison\'s Disease','J'),('K01','Chronic Kidney Disease','K'),('K02','Acute Kidney Infection','K'),('K03','Kidney Stones','K'),('K04','Kidney Cyst','K'),('K05','Kidney Tumor','K'),('K06','Glomerulonephritis','K'),('K07','Polycystic Kidney Disease','K'),('K08','Nephrotic Syndrome','K'),('K09','Renal Artery Stenosis','K'),('K11','Urinary Tract Infection (UTI)','K'),('K14','Diabetic Nephropathy','K'),('K17','Acute Kidney Injury','K'),('K18','Renal Cell Carcinoma','K'),('K19','Medullary Sponge Kidney','K'),('K20','Kidney Infection (Pyelonephritis)','K'),('K21','Kidney Failure (End-Stage Renal Disease)','K'),('K22','Hypertensive Nephrosclerosis','K'),('L001','Anemia','L'),('L002','Leukemia','L'),('L003','Lymphoma','L'),('L004','Hemophilia','L'),('L005','Sickle Cell Disease','L'),('L006','Thalassemia','L'),('L007','Polycythemia Vera','L'),('L008','Essential Thrombocythemia','L'),('L009','Aplastic Anemia','L'),('L010','Hemochromatosis','L'),('L011','ITP (Idiopathic Thrombocytopenic Purpura)','L'),('L012','Hodgkin\'s Lymphoma','L'),('L013','Non-Hodgkin\'s Lymphoma','L'),('L014','Multiple Myeloma','L'),('L015','MDS (Myelodysplastic Syndromes)','L'),('L016','Myeloproliferative Neoplasms','L'),('L017','Chronic Myeloid Leukemia','L'),('L018','Acute Myeloid Leukemia','L'),('L019','Chronic Lymphocytic Leukemia','L'),('L020','Acute Lymphoblastic Leukemia','L'),('M01','Osteoarthritis','M'),('M02','Rheumatoid Arthritis','M'),('M03','Osteoporosis','M'),('M04','Gout','M'),('M05','Fibromyalgia','M'),('M06','Ankylosing Spondylitis','M'),('M07','Scoliosis','M'),('M08','Tendinitis','M'),('M09','Bursitis','M'),('M10','Carpal Tunnel Syndrome','M'),('M11','Herniated Disc','M'),('M12','Sciatica','M'),('M13','Bone Fracture','M'),('M14','Bone Cancer','M'),('M15','Muscle Atrophy','M'),('M16','Sprains and Strains','M'),('M17','Paget\'s Disease of Bone','M'),('M18','Lupus','M'),('M19','Ehlers-Danlos Syndrome','M'),('M20','Myositis','M'),('N01','Parkinson’s Disease','N'),('N02','Brain Tumor','N'),('N03','Alzheimer’s Disease','N'),('N04','Multiple Sclerosis','N'),('N05','Epilepsy','N'),('N06','Amyotrophic Lateral Sclerosis (ALS)','N'),('N07','Huntington\'s Disease','N'),('N08','Migraine','N'),('N09','Bell\'s Palsy','N'),('N10','Stroke','N'),('N12','Dementia','N'),('N15','Seizure Disorder','N'),('N18','Cerebral Palsy','N'),('N19','Meningitis','N'),('N20','Encephalitis','N'),('N21','Neuropathy','N'),('N22','Guillain-Barré Syndrome','N'),('N23','Myasthenia Gravis','N'),('O001','Urinary Tract Infections (UTIs)','O'),('O002','Kidney Stones','O'),('O003','Bladder Infections','O'),('O004','Prostate Disorders','O'),('O005','Erectile Dysfunction','O'),('O006','Incontinence','O'),('O007','Interstitial Cystitis','O'),('O008','Pyelonephritis','O'),('O009','Cystitis','O'),('O010','Renal Failure','O'),('O011','Hydronephrosis','O'),('O012','BPH (Benign Prostatic Hyperplasia)','O'),('O013','Nephritis','O'),('O014','Glomerulonephritis','O'),('O015','Urethritis','O'),('O016','Acute Kidney Injury','O'),('O017','Chronic Kidney Disease','O'),('O018','Urinary Tract Obstruction','O'),('O019','Renal Tumors','O'),('O020','Urinary Retention','O'),('P001','Depression','P'),('P002','Anxiety Disorders','P'),('P003','Bipolar Disorder','P'),('P004','Schizophrenia','P'),('P005','PTSD (Post-Traumatic Stress Disorder)','P'),('P006','OCD (Obsessive-Compulsive Disorder)','P'),('P007','ADHD (Attention-Deficit/Hyperactivity Disorder)','P'),('P008','Borderline Personality Disorder','P'),('P009','Eating Disorders','P'),('P010','Substance Abuse','P'),('P011','Sleep Disorders','P'),('P012','Psychosis','P'),('P013','Dissociative Disorders','P'),('P014','Schizoaffective Disorder','P'),('P015','Autistic Spectrum Disorders','P'),('P016','Somatic Symptom Disorder','P'),('P017','Seasonal Affective Disorder','P'),('P018','Generalized Anxiety Disorder','P'),('P019','Panic Disorder','P'),('P020','Agoraphobia','P'),('Q01','Cataract','Q'),('Q02','Glaucoma','Q'),('Q03','Macular Degeneration','Q'),('Q04','Diabetic Retinopathy','Q'),('Q05','Retinal Detachment','Q'),('Q06','Conjunctivitis','Q'),('Q07','Dry Eye Syndrome','Q'),('Q08','Keratoconus','Q'),('Q09','Uveitis','Q'),('Q10','Eye Floaters','Q'),('Q11','Amblyopia (Lazy Eye)','Q'),('Q12','Strabismus (Crossed Eyes)','Q'),('Q13','Blepharitis','Q'),('Q14','Optic Neuritis','Q'),('Q15','Retinoblastoma','Q'),('Q16','Corneal Ulcer','Q'),('Q17','Astigmatism','Q'),('Q18','Presbyopia','Q'),('Q19','Color Blindness','Q'),('Q20','Night Blindness','Q'),('R01','Asthma','R'),('R02','Chronic Obstructive Pulmonary Disease (COPD)','R'),('R03','Pneumonia','R'),('R04','Tuberculosis','R'),('R05','Lung Cancer','R'),('R06','Pulmonary Fibrosis','R'),('R07','Pleural Effusion','R'),('R08','Sleep Apnea','R'),('R09','Bronchitis','R'),('R10','Cystic Fibrosis','R'),('R11','Pulmonary Embolism','R'),('R13','Interstitial Lung Disease','R'),('R14','Emphysema','R'),('R15','Sarcoidosis','R'),('R16','Pleurisy','R'),('R17','Pulmonary Hypertension','R'),('R18','Asbestosis','R'),('R19','Pulmonary Edema','R'),('S01','Hepatitis A','S'),('S02','Hepatitis B','S'),('S03','Hepatitis C','S'),('S04','Liver Cirrhosis','S'),('S05','Fatty Liver Disease','S'),('S06','Liver Cancer','S'),('S07','Hemochromatosis','S'),('S08','Wilson’s Disease','S'),('S09','Primary Biliary Cholangitis','S'),('S10','Primary Sclerosing Cholangitis','S'),('S11','Alcoholic Hepatitis','S'),('S12','Non-alcoholic Steatohepatitis (NASH)','S'),('S13','Autoimmune Hepatitis','S'),('S14','Liver Abscess','S'),('S15','Acute Liver Failure','S'),('S16','Chronic Liver Disease','S'),('S17','Budd-Chiari Syndrome','S'),('S18','Alpha-1 Antitrypsin Deficiency','S'),('S19','Biliary Atresia','S'),('S20','Hepatic Encephalopathy','S'),('T01','Polycystic Ovary Syndrome (PCOS)','T'),('T02','Endometriosis','T'),('T03','Uterine Fibroids','T'),('T04','Ovarian Cancer','T'),('T05','Cervical Cancer','T'),('T06','Pelvic Inflammatory Disease (PID)','T'),('T07','Menstrual Disorders','T'),('T08','Ovarian Cysts','T'),('T09','Vaginitis','T'),('T10','Vulvodynia','T'),('T11','Menopause','T'),('T12','Ectopic Pregnancy','T'),('T13','Infertility','T'),('T14','Pelvic Organ Prolapse','T'),('T15','Dysmenorrhea','T'),('T16','Breast Cancer','T'),('T17','Hyperemesis Gravidarum','T'),('T18','Preeclampsia','T'),('T19','Placenta Previa','T'),('T20','Gestational Diabetes','T'),('U01','Prostate Cancer','U'),('U02','Testicular Cancer','U'),('U03','Erectile Dysfunction','U'),('U04','Male Infertility','U'),('U05','Benign Prostatic Hyperplasia (BPH)','U'),('U06','Varicocele','U'),('U07','Hydrocele','U'),('U08','Peyronie’s Disease','U'),('U09','Hypogonadism','U'),('U10','Penile Cancer','U'),('U11','Orchitis','U'),('U12','Epididymitis','U'),('U13','Prostatitis','U'),('U14','Testicular Torsion','U'),('U15','Gynecomastia','U'),('U16','Retrograde Ejaculation','U'),('U17','Penile Fracture','U'),('U18','Phimosis','U'),('U19','Paraphimosis','U'),('U20','Premature Ejaculation','U'),('V01','Tooth Decay (Cavities)','V'),('V02','Gingivitis','V'),('V03','Periodontitis','V'),('V04','Dental Abscess','V'),('V05','Tooth Sensitivity','V'),('V06','Bruxism (Teeth Grinding)','V'),('V07','Temporomandibular Joint Disorder (TMJ)','V'),('V08','Oral Cancer','V'),('V09','Dry Mouth (Xerostomia)','V'),('V10','Halitosis (Bad Breath)','V'),('V11','Canker Sores','V'),('V12','Oral Thrush','V'),('V13','Gingival Recession','V'),('V14','Impacted Wisdom Teeth','V'),('V15','Dental Trauma','V'),('V16','Enamel Erosion','V'),('V17','Tooth Discoloration','V'),('V18','Dentophobia (Fear of Dentists)','V'),('V19','Pericoronitis','V'),('V20','Anodontia (Missing Teeth)','V'),('W01','Tonsillitis','W'),('W02','Sinusitis','W'),('W03','Otitis Media (Middle Ear Infection)','W'),('W04','Hearing Loss','W'),('W05','Tinnitus','W'),('W06','Nasal Polyps','W'),('W07','Deviated Septum','W'),('W08','Laryngitis','W'),('W09','Pharyngitis','W'),('W10','Chronic Rhinitis','W'),('W11','Vertigo','W'),('W12','Meniere’s Disease','W'),('W13','Obstructive Sleep Apnea','W'),('W14','Vocal Cord Nodules','W'),('W15','Epistaxis (Nosebleeds)','W'),('W16','Labyrinthitis','W'),('W17','Thyroid Nodules','W'),('W18','Swimmer’s Ear (Otitis Externa)','W'),('W19','Salivary Gland Stones','W'),('W20','Throat Cancer','W');
/*!40000 ALTER TABLE `Problem` ENABLE KEYS */;
UNLOCK TABLES;

--
-- Table structure for table `Risk`
--

DROP TABLE IF EXISTS `Risk`;
/*!40101 SET @saved_cs_client     = @@character_set_client */;
/*!50503 SET character_set_client = utf8mb4 */;
CREATE TABLE `Risk` (
  `risk_id` varchar(10) NOT NULL,
  `risk_name` varchar(255) NOT NULL,
  PRIMARY KEY (`risk_id`)
) ENGINE=InnoDB DEFAULT CHARSET=utf8mb4 COLLATE=utf8mb4_0900_ai_ci;
/*!40101 SET character_set_client = @saved_cs_client */;

--
-- Dumping data for table `Risk`
--

LOCK TABLES `Risk` WRITE;
/*!40000 ALTER TABLE `Risk` DISABLE KEYS */;
INSERT INTO `Risk` VALUES ('C','Cancer'),('D','Dermatological'),('E','Endocrine'),('G','Gastrointestinal'),('H','Cardiovascular'),('I','Infectious Disease'),('J','Immunological'),('K','Kidney'),('L','Hematological'),('M','Musculoskeletal'),('N','Neurology'),('O','Urological'),('P','Psychiatric'),('Q','Ophthalmological'),('R','Respiratory'),('S','Hepatological'),('T','Gynaecological'),('U','Andrological'),('V','Endodontic'),('W','Otolaryngological');
/*!40000 ALTER TABLE `Risk` ENABLE KEYS */;
UNLOCK TABLES;

--
-- Table structure for table `Symptom`
--

DROP TABLE IF EXISTS `Symptom`;
/*!40101 SET @saved_cs_client     = @@character_set_client */;
/*!50503 SET character_set_client = utf8mb4 */;
CREATE TABLE `Symptom` (
  `symptom_id` varchar(10) NOT NULL,
  `symptom_description` varchar(255) NOT NULL,
  `problem_id` varchar(10) DEFAULT NULL,
  PRIMARY KEY (`symptom_id`),
  KEY `problem_id` (`problem_id`),
  CONSTRAINT `symptom_ibfk_1` FOREIGN KEY (`problem_id`) REFERENCES `Problem` (`problem_id`)
) ENGINE=InnoDB DEFAULT CHARSET=utf8mb4 COLLATE=utf8mb4_0900_ai_ci;
/*!40101 SET character_set_client = @saved_cs_client */;

--
-- Dumping data for table `Symptom`
--

LOCK TABLES `Symptom` WRITE;
/*!40000 ALTER TABLE `Symptom` DISABLE KEYS */;
INSERT INTO `Symptom` VALUES ('B001','Fatigue','S01'),('B002','Sudden nausea and vomiting','S01'),('B003','Abdominal pain or discomfort, especially in the upper right side beneath the lower ribs','S01'),('B004','Loss of appetite','S01'),('B005','Low-grade fever','S01'),('B006','Dark urine','S01'),('B007','Joint pain','S01'),('B008','Jaundice (yellowing of the skin and eyes)','S01'),('B009','Abdominal pain','S02'),('B010','Dark urine','S02'),('B011','Fever','S02'),('B012','Joint pain','S02'),('B013','Loss of appetite','S02'),('B014','Nausea and vomiting','S02'),('B015','Weakness and fatigue','S02'),('B016','Jaundice (yellowing of the skin and eyes)','S02'),('B017','Fatigue','S03'),('B018','Fever','S03'),('B019','Nausea','S03'),('B020','Loss of appetite','S03'),('B021','Muscle and joint pain','S03'),('B022','Jaundice (yellowing of the skin and eyes)','S03'),('B023','Dark urine','S03'),('B024','Itchy skin','S03'),('B025','Fatigue','S04'),('B026','Easily bleeding or bruising','S04'),('B027','Loss of appetite','S04'),('B028','Nausea','S04'),('B029','Swelling in the legs, feet, or ankles (edema)','S04'),('B030','Weight loss','S04'),('B031','Jaundice (yellowing of the skin and eyes)','S04'),('B032','Spiderlike blood vessels on the skin','S04'),('B033','Redness in the palms of the hands','S04'),('B034','Fatigue','S05'),('B035','Pain or discomfort in the upper right side of the abdomen','S05'),('B036','Weight loss','S05'),('B037','Weakness','S05'),('B038','Enlarged liver','S05'),('B039','Unintentional weight loss','S06'),('B040','Loss of appetite','S06'),('B041','Upper abdominal pain','S06'),('B042','Nausea and vomiting','S06'),('B043','General weakness and fatigue','S06'),('B044','Swelling in the abdomen','S06'),('B045','Jaundice (yellowing of the skin and eyes)','S06'),('B046','White, chalky stools','S06'),('B047','Joint pain, particularly in the knuckles and first two fingers','S07'),('B048','Fatigue','S07'),('B049','Weakness','S07'),('B050','Diabetes','S07'),('B051','Loss of sex drive or erectile dysfunction','S07'),('B052','Heart abnormalities, such as irregular heartbeat or heart failure','S07'),('B053','Skin color changes, making the skin look bronze or gray','S07'),('B054','Fatigue','S08'),('B055','Jaundice (yellowing of the skin and eyes)','S08'),('B056','Swelling in the legs and abdomen','S08'),('B057','Difficulty speaking','S08'),('B058','Tremors or muscle stiffness','S08'),('B059','Unsteady gait or difficulty walking','S08'),('B060','Clumsiness or lack of coordination','S08'),('B061','Psychiatric symptoms such as depression or mood swings','S08'),('B062','Fatigue','S09'),('B063','Itchy skin','S09'),('B064','Dry eyes and mouth','S09'),('B065','Pain in the upper right side of the abdomen','S09'),('B066','Yellowing of the skin and eyes (jaundice)','S09'),('B067','Swelling of the feet and ankles','S09'),('B068','Darkening of the skin (hyperpigmentation)','S09'),('B069','Fatigue','S10'),('B070','Itchy skin','S10'),('B071','Jaundice (yellowing of the skin and eyes)','S10'),('B072','Pain in the upper right part of the abdomen','S10'),('B073','Fever','S10'),('B074','Unintended weight loss','S10'),('B075','Enlarged liver','S10'),('B076','Loss of appetite','S11'),('B077','Nausea and vomiting','S11'),('B078','Abdominal pain and tenderness','S11'),('B079','Jaundice (yellowing of the skin and eyes)','S11'),('B080','Fever','S11'),('B081','Fatigue','S11'),('B082','Swelling in the abdomen (ascites)','S11'),('B083','Mental confusion','S11'),('B084','Fatigue','S12'),('B085','Unexplained weight loss','S12'),('B086','Weakness','S12'),('B087','Upper right abdominal pain','S12'),('B088','Jaundice (yellowing of the skin and eyes)','S12'),('B089','Fatigue','S13'),('B090','Abdominal discomfort','S13'),('B091','Joint pain','S13'),('B092','Yellowing of the skin and eyes (jaundice)','S13'),('B093','Itchy skin','S13'),('B094','Spiderlike blood vessels on the skin','S13'),('B095','Irregular menstrual cycles','S13'),('B096','Dark urine','S13'),('B097','Fever and chills','S14'),('B098','Right upper abdominal pain','S14'),('B099','Nausea and vomiting','S14'),('B100','Unintended weight loss','S14'),('B101','Jaundice (yellowing of the skin and eyes)','S14'),('B102','Loss of appetite','S14'),('B103','Jaundice (yellowing of the skin and eyes)','S15'),('B104','Pain in the upper right part of the abdomen','S15'),('B105','Abdominal swelling','S15'),('B106','Nausea','S15'),('B107','Vomiting','S15'),('B108','General feeling of unwellness','S15'),('B109','Confusion or disorientation','S15'),('B110','Sleepiness','S15'),('C0101','Persistent headaches','C01'),('C0102','Seizures','C01'),('C0103','Vision changes','C01'),('C0104','Nausea','C01'),('C0105','Speech difficulties','C01'),('C0106','Weakness in limbs','C01'),('C0107','Cognitive changes','C01'),('C0108','Personality changes','C01'),('C0109','Hearing loss','C01'),('C0110','Loss of balance','C01'),('C0201','Blood in urine','C02'),('C0202','Back pain','C02'),('C0203','Unintended weight loss','C02'),('C0204','Fatigue','C02'),('C0205','Fever','C02'),('C0206','Loss of appetite','C02'),('C0207','Swelling in ankles','C02'),('C0208','High blood pressure','C02'),('C0209','Anemia','C02'),('C0210','Constipation','C02'),('C0301','Abdominal pain','C03'),('C0302','Unintended weight loss','C03'),('C0303','Nausea','C03'),('C0304','Vomiting blood','C03'),('C0305','Difficulty swallowing','C03'),('C0306','Loss of appetite','C03'),('C0307','Fatigue','C03'),('C0308','Bloating','C03'),('C0309','Black stools','C03'),('C0310','Heartburn','C03'),('C0401','New mole','C04'),('C0402','Change in mole color','C04'),('C0403','Mole itching','C04'),('C0404','Mole bleeding','C04'),('C0405','Sore that does not heal','C04'),('C0406','Change in skin texture','C04'),('C0407','Enlarged lymph nodes','C04'),('C0408','Unintended weight loss','C04'),('C0409','Fatigue','C04'),('C0410','Pain in the skin area','C04'),('C0501','Chest pain','C05'),('C0502','Shortness of breath','C05'),('C0503','Irregular heartbeat','C05'),('C0504','Fatigue','C05'),('C0505','Swelling in legs','C05'),('C0506','Coughing blood','C05'),('C0507','Weight loss','C05'),('C0508','Persistent cough','C05'),('C0509','Heart murmurs','C05'),('C0510','Fever','C05'),('C0601','Persistent cough','C06'),('C0602','Coughing up blood','C06'),('C0603','Chest pain','C06'),('C0604','Shortness of breath','C06'),('C0605','Hoarseness','C06'),('C0701','Lump in breast','C07'),('C0702','Change in size or shape of breast','C07'),('C0703','Dimpling of breast skin','C07'),('C0704','Inverted nipple','C07'),('C0705','Redness or pitting of breast skin','C07'),('C0801','Difficulty urinating','C08'),('C0802','Blood in urine','C08'),('C0803','Bone pain','C08'),('C0804','Erectile dysfunction','C08'),('C0805','Unexplained weight loss','C08'),('C0901','Abdominal bloating or swelling','C09'),('C0902','Pelvic discomfort','C09'),('C0903','Frequent urination','C09'),('C0904','Unexplained weight loss','C09'),('C0905','Changes in bowel habits','C09'),('C1001','Unexplained weight loss','C10'),('C1002','Loss of appetite','C10'),('C1003','Upper abdominal pain','C10'),('C1004','Nausea and vomiting','C10'),('C1005','Yellowing of the skin and eyes (jaundice)','C10'),('C1101','Abdominal pain','C11'),('C1102','Back pain','C11'),('C1103','Jaundice','C11'),('C1104','Unexplained weight loss','C11'),('C1105','Loss of appetite','C11'),('C1201','Lump in the neck','C12'),('C1202','Difficulty swallowing','C12'),('C1203','Change in voice','C12'),('C1204','Neck pain','C12'),('C1205','Swollen lymph nodes','C12'),('C1301','Difficulty swallowing','C13'),('C1302','Chest pain','C13'),('C1303','Persistent cough','C13'),('C1304','Unexplained weight loss','C13'),('C1305','Heartburn or indigestion','C13'),('C1501','Blood in urine','C15'),('C1502','Frequent urination','C15'),('C1503','Painful urination','C15'),('C1504','Lower abdominal pain','C15'),('C1505','Urgent need to urinate','C15'),('D0001','Itchy Skin','D01'),('D0002','Red Rash','D01'),('D0003','Dry Skin','D01'),('D0004','Swelling','D01'),('D0005','Cracked Skin','D01'),('D0006','Red Patches','D02'),('D0007','Scales','D02'),('D0008','Itching','D02'),('D0009','Dry Skin','D02'),('D0010','Thickened Nails','D02'),('D0011','Pimples','D03'),('D0012','Blackheads','D03'),('D0013','Whiteheads','D03'),('D0014','Oily Skin','D03'),('D0015','Redness','D03'),('D0016','Facial Redness','D04'),('D0017','Visible Blood Vessels','D04'),('D0018','Bumps and Pimples','D04'),('D0019','Dry, Flaky Skin','D04'),('D0020','Eye Irritation','D04'),('D0021','White Patches','D05'),('D0022','Skin Lightening','D05'),('D0023','Uneven Skin Tone','D05'),('D0024','Loss of Pigment','D05'),('D0025','Sensitivity to Sun','D05'),('D0026','Itchy Hives','D06'),('D0027','Red Welts','D06'),('D0028','Swelling','D06'),('D0029','Burning Sensation','D06'),('D0030','Rash','D06'),('D0031','Red Rash','D07'),('D0032','Itching','D07'),('D0033','Swelling','D07'),('D0034','Blisters','D07'),('D0035','Dry, Cracked Skin','D07'),('D0036','Red Sores','D08'),('D0037','Honey-Colored Crusts','D08'),('D0038','Itching','D08'),('D0039','Swelling','D08'),('D0040','Fever','D08'),('D0041','Ring-Shaped Rash','D09'),('D0042','Red, Itchy Skin','D09'),('D0043','Scaly Skin','D09'),('D0044','Blisters','D09'),('D0045','Hair Loss','D09'),('D0046','Cold Sores','D10'),('D0047','Painful Blisters','D10'),('D0048','Itching','D10'),('D0049','Swollen Lymph Nodes','D10'),('D0050','Fever','D10'),('D0051','Painful Rash','D11'),('D0052','Blisters','D11'),('D0053','Burning Sensation','D11'),('D0054','Itching','D11'),('D0055','Fever','D11'),('D0056','New Growth on Skin','D12'),('D0057','Changing Mole','D12'),('D0058','Bleeding or Oozing','D12'),('D0059','Itching or Tenderness','D12'),('D0060','Persistent Sores','D12'),('D0061','Target-Like Lesions','D13'),('D0062','Red Spots or Rash','D13'),('D0063','Blisters','D13'),('D0064','Itching','D13'),('D0065','Fever','D13'),('D0066','Skin Thickening','D14'),('D0067','Skin Hardening','D14'),('D0068','Itching','D14'),('D0069','Swelling','D14'),('D0070','Pain','D14'),('D0071','Purplish Rash','D15'),('D0072','Itchy Skin','D15'),('D0073','Flat, Raised Lesions','D15'),('D0074','White Lacy Patches in Mouth','D15'),('D0075','Burning Sensation','D15'),('D0076','Painful Rash','D16'),('D0077','Blisters','D16'),('D0078','Burning Sensation','D16'),('D0079','Itching','D16'),('D0080','Fever','D16'),('D0081','Small Growths on Skin','D17'),('D0082','Rough Texture','D17'),('D0083','Itching or Pain','D17'),('D0084','Warts on Hands or Feet','D17'),('D0085','Discoloration','D17'),('D0086','Raised Scars','D18'),('D0087','Itching','D18'),('D0088','Red or Darkened Skin','D18'),('D0089','Pain','D18'),('D0090','Firm, Rubber-Like Texture','D18'),('D0091','Itchy Bumps','D19'),('D0092','Blisters','D19'),('D0093','Burning Sensation','D19'),('D0094','Red Rash','D19'),('D0095','Vesicular Lesions','D19'),('D0096','Intense Itching','D20'),('D0097','Red Rash','D20'),('D0098','Burrows or Lines in Skin','D20'),('D0099','Blisters','D20'),('D0100','Sores from Scratching','D20'),('E0001','Frequent urination','E01'),('E0002','Increased thirst','E01'),('E0003','Unintended weight loss','E01'),('E0004','Fatigue','E01'),('E0005','Blurred vision','E01'),('E0006','Increased hunger','E02'),('E0007','Frequent infections','E02'),('E0008','Slow-healing sores','E02'),('E0009','Darkened skin in certain areas','E02'),('E0010','Tingling or numbness in the hands/feet','E02'),('E0011','Weight loss','E03'),('E0012','Rapid heartbeat','E03'),('E0013','Increased appetite','E03'),('E0014','Nervousness','E03'),('E0015','Sweating','E03'),('E0016','Weight gain','E04'),('E0017','Cold intolerance','E04'),('E0018','Dry skin','E04'),('E0019','Fatigue','E04'),('E0020','Constipation','E04'),('E0021','Weight gain','E05'),('E0022','Fatty deposits, particularly around the face and upper back','E05'),('E0023','Pink or purple stretch marks on the skin','E05'),('E0024','Thinning, fragile skin','E05'),('E0025','Slow healing of cuts, insect bites, and infections','E05'),('E0026','Extreme fatigue','E06'),('E0027','Weight loss and decreased appetite','E06'),('E0028','Darkening of your skin','E06'),('E0029','Low blood pressure','E06'),('E0030','Salt craving','E06'),('E0031','Irregular periods','E07'),('E0032','Excess androgen','E07'),('E0033','Polycystic ovaries','E07'),('E0034','Weight gain','E07'),('E0035','Thinning hair','E07'),('E0036','Fragile bones','E08'),('E0037','Kidney stones','E08'),('E0038','Excessive urination','E08'),('E0039','Abdominal pain','E08'),('E0040','Tiring easily or weakness','E08'),('E0041','Tingling or burning in your fingertips, toes, and lips','E09'),('E0042','Muscle aches or cramps','E09'),('E0043','Spasms or twitches in your muscles','E09'),('E0044','Fatigue or weakness','E09'),('E0045','Patchy hair loss','E09'),('E0046','Enlarged hands and feet','E10'),('E0047','Coarsened, enlarged facial features','E10'),('E0048','Excessive sweating and body odor','E10'),('E0049','Fatigue and muscle weakness','E10'),('E0050','Deepened, husky voice','E10'),('E0051','Excessive growth','E11'),('E0052','Large hands and feet','E11'),('E0053','Thickened facial features','E11'),('E0054','Irregular menstruation','E11'),('E0055','Delayed puberty','E11'),('E0056','Vision loss','E12'),('E0057','Headaches','E12'),('E0058','Nausea','E12'),('E0059','Fatigue','E12'),('E0060','Unexplained weight loss or gain','E12'),('E0061','A lump in the neck','E13'),('E0062','Difficulty swallowing','E13'),('E0063','Hoarseness','E13'),('E0064','Neck pain','E13'),('E0065','Swollen lymph nodes in the neck','E13'),('E0066','Swelling at the base of your neck','E14'),('E0067','Tight feeling in your throat','E14'),('E0068','Coughing','E14'),('E0069','Hoarseness','E14'),('E0070','Difficulty swallowing or breathing','E14'),('E0071','Increased blood pressure','E15'),('E0072','High blood sugar','E15'),('E0073','Excess body fat around the waist','E15'),('E0074','Abnormal cholesterol levels','E15'),('E0075','Fatigue','E15'),('E0076','Chronic fatigue','E16'),('E0077','Muscle weakness','E16'),('E0078','Loss of appetite','E16'),('E0079','Weight loss','E16'),('E0080','Low blood pressure','E16'),('E0081','High blood pressure','E17'),('E0082','Low potassium levels','E17'),('E0083','Fatigue','E17'),('E0084','Headache','E17'),('E0085','Muscle weakness','E17'),('E0086','Tumors in the endocrine glands','E18'),('E0087','Kidney stones','E18'),('E0088','Excessive sweating','E18'),('E0089','Fatigue','E18'),('E0090','Bone pain','E18'),('E0091','Extreme thirst','E19'),('E0092','Excessive urination','E19'),('E0093','Dehydration','E19'),('E0094','Fatigue','E19'),('E0095','Dry skin','E19'),('E0096','High blood pressure','E20'),('E0097','Headache','E20'),('E0098','Sweating','E20'),('E0099','Rapid heartbeat','E20'),('E0100','Tremors','E20'),('G001','Heartburn','G01'),('G002','Regurgitation','G01'),('G003','Chest pain','G01'),('G004','Difficulty swallowing','G01'),('G005','Chronic cough','G01'),('G006','Hoarseness or sore throat','G01'),('G007','Sensation of a lump in the throat','G01'),('G008','Abdominal pain','G02'),('G009','Bloating','G02'),('G010','Diarrhea or constipation','G02'),('G011','Gas','G02'),('G012','Fatigue','G02'),('G013','Mucus in stool','G02'),('G014','Urgent need to have a bowel movement','G02'),('G015','Persistent diarrhea','G03'),('G016','Abdominal cramps','G03'),('G017','Blood in stool','G03'),('G018','Fever','G03'),('G019','Fatigue','G03'),('G020','Weight loss','G03'),('G021','Mouth sores','G03'),('G022','Reduced appetite','G03'),('G023','Frequent diarrhea','G04'),('G024','Rectal bleeding','G04'),('G025','Abdominal pain and cramping','G04'),('G026','Urgency to defecate','G04'),('G027','Inability to defecate despite urgency','G04'),('G028','Fatigue','G04'),('G029','Fever','G04'),('G030','Chronic diarrhea','G05'),('G031','Abdominal pain','G05'),('G032','Bloating','G05'),('G033','Weight loss','G05'),('G034','Fatigue','G05'),('G035','Anemia','G05'),('G036','Itchy skin rash','G05'),('G037','Mouth ulcers','G05'),('G038','Burning stomach pain','G06'),('G039','Feeling of fullness','G06'),('G040','Bloating','G06'),('G041','Intolerance of fatty foods','G06'),('G042','Heartburn','G06'),('G043','Nausea','G06'),('G044','Vomiting blood','G06'),('G045','Dark, tarry stools','G06'),('G046','Abdominal pain, often on the lower left side','G07'),('G047','Fever','G07'),('G048','Nausea','G07'),('G049','Vomiting','G07'),('G050','Constipation','G07'),('G051','Bloating','G07'),('G052','Blood in stool','G07'),('G053','Sudden and rapidly intensifying pain in the upper right portion of the abdomen','G08'),('G054','Back pain between shoulder blades','G08'),('G055','Pain in the right shoulder','G08'),('G056','Nausea','G08'),('G057','Vomiting','G08'),('G058','Yellowing of the skin and eyes (jaundice)','G08'),('G059','Clay-colored stools','G08'),('G060','Upper abdominal pain','G09'),('G061','Abdominal pain that radiates to your back','G09'),('G062','Fever','G09'),('G063','Rapid pulse','G09'),('G064','Nausea','G09'),('G065','Vomiting','G09'),('G066','Tenderness when touching the abdomen','G09'),('G067','Changes in bowel habits','G10'),('G068','Rectal bleeding or blood in stool','G10'),('G069','Persistent abdominal discomfort','G10'),('G070','Weakness or fatigue','G10'),('G071','Unexplained weight loss','G10'),('G072','Sensation of incomplete bowel evacuation','G10'),('G073','Fatigue','G11'),('G074','Easy bruising and bleeding','G11'),('G075','Yellowing of the skin and eyes (jaundice)','G11'),('G076','Fluid accumulation in the abdomen (ascites)','G11'),('G077','Loss of appetite','G11'),('G078','Nausea','G11'),('G079','Swelling in legs','G11'),('G080','Fatigue','G12'),('G081','Nausea and vomiting','G12'),('G082','Loss of appetite','G12'),('G083','Dark urine','G12'),('G084','Joint pain','G12'),('G085','Jaundice','G12'),('G086','Fever','G12'),('G087','Fatigue','G13'),('G088','Nausea','G13'),('G089','Loss of appetite','G13'),('G090','Jaundice','G13'),('G091','Dark urine','G13'),('G092','Joint pain','G13'),('G093','Fatigue','G14'),('G094','Pain or discomfort in the upper right abdomen','G14'),('G095','Weakness','G14'),('G096','Jaundice','G14'),('G097','Sudden pain that begins on the right side of the lower abdomen','G15'),('G098','Pain that worsens if you cough, walk or make other jarring movements','G15'),('G099','Nausea','G15'),('G100','Loss of appetite','G15'),('G101','Yellowing of the skin and eyes (jaundice)','G16'),('G102','Dark urine','G16'),('G103','Pale or clay-colored stools','G16'),('G104','Swollen abdomen','G16'),('G105','Vomiting','G17'),('G106','Nausea','G17'),('G107','A feeling of fullness after eating just a few bites','G17'),('G108','Abdominal bloating','G17'),('G109','Bloating','G18'),('G110','Diarrhea','G18'),('G111','Constipation','G18'),('G112','Abdominal pain','G18'),('G113','Itching or irritation in the anal region','G19'),('G114','Pain or discomfort','G19'),('G115','Swelling around the anus','G19'),('G116','Bleeding','G19'),('G117','Pain during bowel movements','G20'),('G118','Blood on the toilet paper after bowel movement','G20'),('G119','Itching or irritation around the anus','G20'),('G120','A visible tear in the skin around the anus','G20'),('H0101','Chest pain','H01'),('H0102','Shortness of breath','H01'),('H0103','Fatigue','H01'),('H0104','Nausea','H01'),('H0105','Cold sweat','H01'),('H0106','Dizziness','H01'),('H0107','Arm pain','H01'),('H0108','Jaw pain','H01'),('H0109','Rapid heartbeat','H01'),('H0110','Lightheadedness','H01'),('H0301','Chest discomfort','H03'),('H0302','Shortness of breath','H03'),('H0303','Fatigue','H03'),('H0304','Dizziness','H03'),('H0305','Nausea','H03'),('H0306','Sweating','H03'),('H0307','Rapid heartbeat','H03'),('H0308','Weakness','H03'),('H0309','Pain in neck','H03'),('H0310','Pain in arm','H03'),('H0401','Shortness of breath','H04'),('H0402','Fatigue','H04'),('H0403','Swelling in legs','H04'),('H0404','Rapid heartbeat','H04'),('H0405','Persistent cough','H04'),('H0406','Increased urination','H04'),('H0407','Nausea','H04'),('H0408','Lack of appetite','H04'),('H0409','Confusion','H04'),('H0410','Chest pain','H04'),('H0501','Fluttering in chest','H05'),('H0502','Racing heartbeat','H05'),('H0503','Slow heartbeat','H05'),('H0504','Shortness of breath','H05'),('H0505','Chest pain','H05'),('H0506','Dizziness','H05'),('H0507','Fainting','H05'),('H0508','Lightheadedness','H05'),('H0509','Fatigue','H05'),('H0510','Palpitations','H05'),('H0601','Leg pain','H06'),('H0602','Coldness in lower leg or foot','H06'),('H0603','Weak pulse in legs or feet','H06'),('H0604','Sores on toes, feet, or legs','H06'),('H0605','Hair loss on legs','H06'),('H0701','Fever','H07'),('H0702','Chills','H07'),('H0703','Fatigue','H07'),('H0704','Aching joints','H07'),('H0705','Night sweats','H07'),('H0801','Sudden severe chest or back pain','H08'),('H0802','Trouble breathing','H08'),('H0803','Loss of consciousness','H08'),('H0804','Rapid heartbeat','H08'),('H0805','Difficulty swallowing','H08'),('H0901','Breathlessness','H09'),('H0902','Swelling of the legs, ankles, and feet','H09'),('H0903','Fatigue','H09'),('H0904','Irregular heartbeat','H09'),('H0905','Dizziness','H09'),('H1001','Headaches','H10'),('H1002','Shortness of breath','H10'),('H1003','Dizziness','H10'),('H1004','Chest pain','H10'),('H1005','Blurred vision','H10'),('H1301','Chest pain or discomfort','H13'),('H1302','Pain in the shoulders, neck, or arms','H13'),('H1303','Shortness of breath','H13'),('H1304','Nausea or vomiting','H13'),('H1305','Fatigue','H13'),('H1501','Sudden shortness of breath','H15'),('H1502','Chest pain','H15'),('H1503','Coughing up blood','H15'),('H1504','Rapid heartbeat','H15'),('H1505','Lightheadedness or fainting','H15'),('H1701','Sharp chest pain','H17'),('H1702','Pain that worsens when lying down','H17'),('H1703','Shortness of breath','H17'),('H1704','Fatigue','H17'),('H1705','Cough','H17'),('I0001','Chronic Fever','I01'),('I0002','Night Sweats','I01'),('I0003','Weight Loss','I01'),('I0004','Fatigue','I01'),('I0005','Swollen Lymph Nodes','I01'),('I0006','Persistent Cough','I02'),('I0007','Chest Pain','I02'),('I0008','Coughing Up Blood','I02'),('I0009','Night Sweats','I02'),('I0010','Unexplained Weight Loss','I02'),('I0011','Fever','I03'),('I0012','Chills','I03'),('I0013','Headache','I03'),('I0014','Sweats','I03'),('I0015','Muscle Pain','I03'),('I0016','High Fever','I04'),('I0017','Muscle Aches','I04'),('I0018','Cough','I04'),('I0019','Sore Throat','I04'),('I0020','Runny or Stuffy Nose','I04'),('I0021','Jaundice','I05'),('I0022','Fatigue','I05'),('I0023','Abdominal Pain','I05'),('I0024','Loss of Appetite','I05'),('I0025','Nausea','I05'),('I0026','Jaundice','I06'),('I0027','Fever','I06'),('I0028','Nausea and Vomiting','I06'),('I0029','Abdominal Pain','I06'),('I0030','Fatigue','I06'),('I0031','Jaundice','I07'),('I0032','Fatigue','I07'),('I0033','Abdominal Pain','I07'),('I0034','Loss of Appetite','I07'),('I0035','Dark Urine','I07'),('I0036','Fatigue','I08'),('I0037','Jaundice','I08'),('I0038','Abdominal Pain','I08'),('I0039','Loss of Appetite','I08'),('I0040','Dark Urine','I08'),('I0041','Fever','I09'),('I0042','Weakness','I09'),('I0043','Abdominal Pain','I09'),('I0044','Headache','I09'),('I0045','Loss of Appetite','I09'),('I0046','High Fever','I10'),('I0047','Severe Headache','I10'),('I0048','Pain Behind Eyes','I10'),('I0049','Joint and Muscle Pain','I10'),('I0050','Rash','I10'),('I0051','Swollen Salivary Glands','I11'),('I0052','Fever','I11'),('I0053','Headache','I11'),('I0054','Muscle Aches','I11'),('I0055','Fatigue','I11'),('I0056','Rash','I12'),('I0057','High Fever','I12'),('I0058','Cough','I12'),('I0059','Runny Nose','I12'),('I0060','Red Eyes','I12'),('I0061','Severe Coughing Fits','I13'),('I0062','Whooping Sound','I13'),('I0063','Vomiting After Coughing','I13'),('I0064','Runny Nose','I13'),('I0065','Fatigue','I13'),('I0066','Itchy Rash','I14'),('I0067','Fever','I14'),('I0068','Fatigue','I14'),('I0069','Headache','I14'),('I0070','Loss of Appetite','I14'),('I0071','Painful Rash','I15'),('I0072','Blisters','I15'),('I0073','Itching','I15'),('I0074','Burning Sensation','I15'),('I0075','Fever','I15'),('I0076','Persistent Fever','I16'),('I0077','Night Sweats','I16'),('I0078','Abdominal Pain','I16'),('I0079','Bone Pain','I16'),('I0080','Weight Loss','I16'),('I0081','Fever','I17'),('I0082','Headache','I17'),('I0083','Body Aches','I17'),('I0084','Rash','I17'),('I0085','Fatigue','I17'),('I0086','High Fever','I18'),('I0087','Cough','I18'),('I0088','Sore Throat','I18'),('I0089','Body Aches','I18'),('I0090','Fatigue','I18'),('I0091','Fever','I19'),('I0092','Cough','I19'),('I0093','Shortness of Breath','I19'),('I0094','Fatigue','I19'),('I0095','Loss of Taste or Smell','I19'),('I0096','High Fever','I20'),('I0097','Cough','I20'),('I0098','Shortness of Breath','I20'),('I0099','Muscle Aches','I20'),('I0100','Chills','I20'),('J00101','Joint Pain','J001'),('J00102','Fatigue','J001'),('J00103','Skin Rash','J001'),('J00104','Fever','J001'),('J00105','Swollen Lymph Nodes','J001'),('J00106','Muscle Weakness','J001'),('J00107','Unexplained Weight Loss','J001'),('J00108','Hair Loss','J001'),('J00109','Dry Mouth','J001'),('J00110','Sore Throat','J001'),('J00111','Digestive Issues','J001'),('J00112','Chest Pain','J001'),('J00113','Numbness','J001'),('J00114','Tingling Sensation','J001'),('J00115','Swollen Joints','J001'),('J00116','Rashes on Hands','J001'),('J00117','Difficulty Swallowing','J001'),('J00118','Shortness of Breath','J001'),('J00119','Dry Eyes','J001'),('J00120','Abdominal Pain','J001'),('J00201','Sneezing','J002'),('J00202','Runny Nose','J002'),('J00203','Itchy Eyes','J002'),('J00204','Cough','J002'),('J00205','Wheezing','J002'),('J00206','Rash','J002'),('J00207','Swelling','J002'),('J00208','Difficulty Breathing','J002'),('J00209','Hives','J002'),('J00210','Nasal Congestion','J002'),('J00211','Itchy Throat','J002'),('J00212','Watery Eyes','J002'),('J00213','Red Eyes','J002'),('J00214','Sore Throat','J002'),('J00215','Tiredness','J002'),('J00216','Headache','J002'),('J00217','Sinus Pressure','J002'),('J00218','Ear Itching','J002'),('J00219','Skin Itching','J002'),('J00220','Dry Cough','J002'),('J00301','Persistent Fatigue','J003'),('J00302','Muscle Pain','J003'),('J00303','Joint Pain','J003'),('J00304','Sleep Disturbances','J003'),('J00305','Memory Problems','J003'),('J00306','Headaches','J003'),('J00307','Sore Throat','J003'),('J00308','Enlarged Lymph Nodes','J003'),('J00309','Unrefreshing Sleep','J003'),('J00310','Fatigue After Exercise','J003'),('J00311','Muscle Weakness','J003'),('J00312','Joint Stiffness','J003'),('J00313','Difficulty Concentrating','J003'),('J00314','Irritability','J003'),('J00315','Feeling Overwhelmed','J003'),('J00316','Tender Lymph Nodes','J003'),('J00317','Dizziness','J003'),('J00318','Low Energy','J003'),('J00319','Feverish Feelings','J003'),('J00320','Sensitivity to Light','J003'),('J00401','Joint Pain','J004'),('J00402','Swelling','J004'),('J00403','Morning Stiffness','J004'),('J00404','Fatigue','J004'),('J00405','Loss of Appetite','J004'),('J00406','Weight Loss','J004'),('J00407','Fever','J004'),('J00408','Numbness','J004'),('J00409','Redness in Joints','J004'),('J00410','Difficulty Moving Joints','J004'),('J00411','Muscle Pain','J004'),('J00412','Joint Deformities','J004'),('J00413','Tenderness in Joints','J004'),('J00414','Hand Pain','J004'),('J00415','Knee Pain','J004'),('J00416','Elbow Pain','J004'),('J00417','Foot Pain','J004'),('J00418','Ankle Pain','J004'),('J00419','Hip Pain','J004'),('J00420','Rashes','J004'),('J00501','Fatigue','J005'),('J00502','Joint Pain','J005'),('J00503','Skin Rash','J005'),('J00504','Fever','J005'),('J00505','Photosensitivity','J005'),('J00506','Hair Loss','J005'),('J00507','Swollen Joints','J005'),('J00508','Chest Pain','J005'),('J00509','Difficulty Breathing','J005'),('J00510','Unexplained Weight Loss','J005'),('J00511','Mouth Ulcers','J005'),('J00512','Nausea','J005'),('J00513','Headaches','J005'),('J00514','Depression','J005'),('J00515','Anemia','J005'),('J00516','Sores in Mouth','J005'),('J00517','Dizziness','J005'),('J00518','Swelling in Legs','J005'),('J00519','Cough','J005'),('J00520','Abdominal Pain','J005'),('J00601','Vision Problems','J006'),('J00602','Muscle Weakness','J006'),('J00603','Tingling Sensations','J006'),('J00604','Difficulty Walking','J006'),('J00605','Fatigue','J006'),('J00606','Dizziness','J006'),('J00607','Balance Issues','J006'),('J00608','Numbness','J006'),('J00609','Bladder Problems','J006'),('J00610','Cognitive Changes','J006'),('J00611','Speech Problems','J006'),('J00612','Swallowing Difficulties','J006'),('J00613','Muscle Spasms','J006'),('J00614','Tremors','J006'),('J00615','Pain','J006'),('J00616','Fatigue After Exercise','J006'),('J00617','Heat Sensitivity','J006'),('J00618','Memory Problems','J006'),('J00619','Depression','J006'),('J00620','Mood Swings','J006'),('J00701','Fatigue','J007'),('J00702','Weight Gain','J007'),('J00703','Cold Intolerance','J007'),('J00704','Constipation','J007'),('J00705','Dry Skin','J007'),('J00706','Hair Loss','J007'),('J00707','Muscle Weakness','J007'),('J00708','Joint Pain','J007'),('J00709','Puffiness in Face','J007'),('J00710','Depression','J007'),('J00711','Memory Problems','J007'),('J00712','Slow Heart Rate','J007'),('J00713','Hoarseness','J007'),('J00714','Swelling in Neck','J007'),('J00715','Menstrual Irregularities','J007'),('J00716','Muscle Aches','J007'),('J00717','Feeling Cold','J007'),('J00718','Hair Breakage','J007'),('J00719','Goiter','J007'),('J00720','Trouble Concentrating','J007'),('J00801','Dry Mouth','J008'),('J00802','Dry Eyes','J008'),('J00803','Difficulty Swallowing','J008'),('J00804','Sore Throat','J008'),('J00805','Fatigue','J008'),('J00806','Joint Pain','J008'),('J00807','Swollen Glands','J008'),('J00808','Skin Rashes','J008'),('J00809','Numbness','J008'),('J00810','Muscle Aches','J008'),('J00811','Difficulty Speaking','J008'),('J00812','Red Eyes','J008'),('J00813','Hoarseness','J008'),('J00814','Headaches','J008'),('J00815','Painful Swallowing','J008'),('J00816','Joint Stiffness','J008'),('J00817','Digestive Issues','J008'),('J00818','Fatigue After Eating','J008'),('J00819','Chronic Cough','J008'),('J00820','Rashes on Hands','J008'),('J00901','Joint Pain','J009'),('J00902','Swelling','J009'),('J00903','Morning Stiffness','J009'),('J00904','Fatigue','J009'),('J00905','Loss of Appetite','J009'),('J00906','Weight Loss','J009'),('J00907','Fever','J009'),('J00908','Numbness','J009'),('J00909','Redness in Joints','J009'),('J00910','Difficulty Moving Joints','J009'),('J00911','Muscle Pain','J009'),('J00912','Joint Deformities','J009'),('J00913','Tenderness in Joints','J009'),('J00914','Hand Pain','J009'),('J00915','Knee Pain','J009'),('J00916','Elbow Pain','J009'),('J00917','Foot Pain','J009'),('J00918','Ankle Pain','J009'),('J00919','Hip Pain','J009'),('J00920','Rashes','J009'),('J01001','Frequent Urination','J010'),('J01002','Excessive Thirst','J010'),('J01003','Fatigue','J010'),('J01004','Blurry Vision','J010'),('J01005','Slow-Healing Sores','J010'),('J01006','Frequent Infections','J010'),('J01007','Unexplained Weight Loss','J010'),('J01008','Numbness or Tingling','J010'),('J01009','Dry Skin','J010'),('J01010','Irritability','J010'),('J01011','Rapid Heartbeat','J010'),('J01012','Hunger','J010'),('J01013','Dizziness','J010'),('J01014','Headaches','J010'),('J01015','Dark Skin Patches','J010'),('J01016','Nausea','J010'),('J01017','Vomiting','J010'),('J01018','Swelling in Hands/Feet','J010'),('J01019','Confusion','J010'),('J01020','Breath that Smells Fruity','J010'),('J01101','Abdominal Pain','J011'),('J01102','Diarrhea','J011'),('J01103','Rectal Bleeding','J011'),('J01104','Urgent Bowel Movements','J011'),('J01105','Weight Loss','J011'),('J01106','Fatigue','J011'),('J01107','Fever','J011'),('J01108','Nausea','J011'),('J01109','Vomiting','J011'),('J01110','Abdominal Cramping','J011'),('J01111','Anemia','J011'),('J01112','Loss of Appetite','J011'),('J01113','Dehydration','J011'),('J01114','Joint Pain','J011'),('J01115','Skin Rashes','J011'),('J01116','Increased Frequency of Bowel Movements','J011'),('J01117','Mucus in Stool','J011'),('J01118','Painful Urination','J011'),('J01119','Sores in Mouth','J011'),('J01120','Swollen Abdomen','J011'),('J01201','Skin Thickening','J012'),('J01202','Raynaud\'s Phenomenon','J012'),('J01203','Joint Pain','J012'),('J01204','Muscle Weakness','J012'),('J01205','Fatigue','J012'),('J01206','Swelling of Hands and Feet','J012'),('J01207','Difficulty Swallowing','J012'),('J01208','Shortness of Breath','J012'),('J01209','Digestive Issues','J012'),('J01210','Skin Ulcers','J012'),('J01211','Painful Joints','J012'),('J01212','Unexplained Weight Loss','J012'),('J01213','Dry Mouth','J012'),('J01214','Nausea','J012'),('J01215','Sores in Mouth','J012'),('J01216','Hair Loss','J012'),('J01217','Muscle Pain','J012'),('J01218','Depression','J012'),('J01219','Fever','J012'),('J01220','Dry Skin','J012'),('J01301','Muscle Weakness','J013'),('J01302','Skin Rash','J013'),('J01303','Fatigue','J013'),('J01304','Difficulty Swallowing','J013'),('J01305','Joint Pain','J013'),('J01306','Weight Loss','J013'),('J01307','Fever','J013'),('J01308','Skin Ulcers','J013'),('J01309','Abdominal Pain','J013'),('J01310','Nausea','J013'),('J01311','Hair Loss','J013'),('J01312','Shortness of Breath','J013'),('J01313','Depression','J013'),('J01314','Muscle Pain','J013'),('J01315','Difficulty Walking','J013'),('J01316','Painful Swallowing','J013'),('J01317','Dry Mouth','J013'),('J01318','Joint Stiffness','J013'),('J01319','Fatigue After Exercise','J013'),('J01320','Headaches','J013'),('J01401','Dry Mouth','J014'),('J01402','Dry Eyes','J014'),('J01403','Difficulty Swallowing','J014'),('J01404','Sore Throat','J014'),('J01405','Fatigue','J014'),('J01406','Joint Pain','J014'),('J01407','Swollen Glands','J014'),('J01408','Skin Rashes','J014'),('J01409','Numbness','J014'),('J01410','Muscle Aches','J014'),('J01411','Difficulty Speaking','J014'),('J01412','Red Eyes','J014'),('J01413','Hoarseness','J014'),('J01414','Headaches','J014'),('J01415','Painful Swallowing','J014'),('J01416','Joint Stiffness','J014'),('J01417','Digestive Issues','J014'),('J01418','Fatigue After Eating','J014'),('J01419','Chronic Cough','J014'),('J01420','Rashes on Hands','J014'),('J01501','Fever','J015'),('J01502','Fatigue','J015'),('J01503','Muscle Pain','J015'),('J01504','Joint Pain','J015'),('J01505','Skin Rashes','J015'),('J01506','Weight Loss','J015'),('J01507','Abdominal Pain','J015'),('J01508','Chest Pain','J015'),('J01509','Nausea','J015'),('J01510','Vomiting','J015'),('J01511','Shortness of Breath','J015'),('J01512','Numbness','J015'),('J01513','Swelling','J015'),('J01514','Headaches','J015'),('J01515','Confusion','J015'),('J01516','Rash on Legs','J015'),('J01517','Sore Throat','J015'),('J01518','Painful Joints','J015'),('J01519','Difficulty Breathing','J015'),('J01520','Hematuria','J015'),('J01601','Frequent Urination','J016'),('J01602','Excessive Thirst','J016'),('J01603','Fatigue','J016'),('J01604','Blurry Vision','J016'),('J01605','Unexplained Weight Loss','J016'),('J01606','Numbness or Tingling','J016'),('J01607','Irritability','J016'),('J01608','Dry Skin','J016'),('J01609','Frequent Infections','J016'),('J01610','Dizziness','J016'),('J01611','Rapid Heartbeat','J016'),('J01612','Hunger','J016'),('J01613','Nausea','J016'),('J01614','Vomiting','J016'),('J01615','Confusion','J016'),('J01616','Dark Skin Patches','J016'),('J01617','Swelling in Hands/Feet','J016'),('J01618','Breath that Smells Fruity','J016'),('J01619','Headaches','J016'),('J01620','Fatigue After Exercise','J016'),('J01701','Weight Loss','J017'),('J01702','Heat Intolerance','J017'),('J01703','Rapid Heartbeat','J017'),('J01704','Tremors','J017'),('J01705','Fatigue','J017'),('J01706','Muscle Weakness','J017'),('J01707','Irritability','J017'),('J01708','Sleep Disturbances','J017'),('J01709','Goiter','J017'),('J01710','Sweating','J017'),('J01711','Diarrhea','J017'),('J01712','Hair Loss','J017'),('J01713','Frequent Urination','J017'),('J01714','Menstrual Changes','J017'),('J01715','Vision Problems','J017'),('J01716','Muscle Pain','J017'),('J01717','Hand Tremors','J017'),('J01718','Increased Appetite','J017'),('J01719','Nausea','J017'),('J01720','Vomiting','J017'),('J01801','Muscle Weakness','J018'),('J01802','Drooping Eyelids','J018'),('J01803','Double Vision','J018'),('J01804','Difficulty Swallowing','J018'),('J01805','Fatigue','J018'),('J01901','Fatigue','J019'),('J01902','Pale Skin','J019'),('J01903','Shortness of Breath','J019'),('J01904','Numbness or Tingling','J019'),('J01905','Difficulty Walking','J019'),('J02001','Fatigue','J020'),('J02002','Weight Loss','J020'),('J02003','Low Blood Pressure','J020'),('J02004','Muscle Weakness','J020'),('J02005','Darkening of the Skin','J020'),('K0101','Fatigue','K01'),('K0102','Swelling in ankles','K01'),('K0103','Shortness of breath','K01'),('K0104','Nausea','K01'),('K0105','Vomiting','K01'),('K0106','Loss of appetite','K01'),('K0107','Muscle cramps','K01'),('K0108','Itchy skin','K01'),('K0109','Chest pain','K01'),('K0110','High blood pressure','K01'),('K0201','Fever','K02'),('K0202','Back pain','K02'),('K0203','Painful urination','K02'),('K0204','Frequent urination','K02'),('K0205','Nausea','K02'),('K0206','Vomiting','K02'),('K0207','Blood in urine','K02'),('K0208','Cloudy urine','K02'),('K0209','Urgency to urinate','K02'),('K0210','Fatigue','K02'),('K0301','Severe back pain','K03'),('K0302','Painful urination','K03'),('K0303','Blood in urine','K03'),('K0304','Nausea','K03'),('K0305','Vomiting','K03'),('K0306','Frequent urination','K03'),('K0307','Fever','K03'),('K0308','Chills','K03'),('K0309','Cloudy urine','K03'),('K0310','Urgency to urinate','K03'),('K0401','Back pain','K04'),('K0402','Abdominal pain','K04'),('K0403','Fever','K04'),('K0404','Blood in urine','K04'),('K0405','Frequent urination','K04'),('K0406','Painful urination','K04'),('K0407','Enlarged abdomen','K04'),('K0408','Fatigue','K04'),('K0409','High blood pressure','K04'),('K0410','Urinary tract infection','K04'),('K0501','Blood in urine','K05'),('K0502','Back pain','K05'),('K0503','Unintended weight loss','K05'),('K0504','Fatigue','K05'),('K0505','Fever','K05'),('K0506','Loss of appetite','K05'),('K0507','Swelling in ankles','K05'),('K0508','High blood pressure','K05'),('K0509','Anemia','K05'),('K0510','Constipation','K05'),('K0601','Pink or cola-colored urine','K06'),('K0602','Foamy urine','K06'),('K0603','High blood pressure','K06'),('K0604','Fluid retention','K06'),('K0605','Fatigue','K06'),('K0701','High blood pressure','K07'),('K0702','Back or side pain','K07'),('K0703','Increased abdomen size','K07'),('K0704','Blood in urine','K07'),('K0705','Kidney stones','K07'),('K0801','Severe swelling, especially around eyes and ankles','K08'),('K0802','Foamy urine','K08'),('K0803','Weight gain due to fluid retention','K08'),('K0804','Fatigue','K08'),('K0805','Loss of appetite','K08'),('K0901','High blood pressure','K09'),('K0902','Decreased kidney function','K09'),('K0903','Fluid retention','K09'),('K0904','Sudden kidney failure','K09'),('K0905','Abdominal bruit','K09'),('K1101','Pain or burning sensation during urination','K11'),('K1102','Frequent urge to urinate','K11'),('K1103','Cloudy or strong-smelling urine','K11'),('K1104','Pelvic pain','K11'),('K1105','Fever and chills','K11'),('K1401','Swelling in legs and feet','K14'),('K1402','Fatigue','K14'),('K1403','Frequent urination','K14'),('K1404','High blood pressure','K14'),('K1405','Unexplained weight loss','K14'),('K1701','Decreased urine output','K17'),('K1702','Swelling in legs and feet','K17'),('K1703','Fatigue','K17'),('K1704','Nausea or vomiting','K17'),('K1705','Confusion','K17'),('L00101','Fatigue','L001'),('L00102','Paleness','L001'),('L00103','Shortness of Breath','L001'),('L00104','Dizziness','L001'),('L00105','Cold Hands and Feet','L001'),('L00106','Headaches','L001'),('L00107','Irregular Heartbeats','L001'),('L00108','Chest Pain','L001'),('L00109','Weakness','L001'),('L00110','Brittle Nails','L001'),('L00201','Fatigue','L002'),('L00202','Frequent Infections','L002'),('L00203','Unexplained Weight Loss','L002'),('L00204','Easy Bruising or Bleeding','L002'),('L00205','Bone Pain','L002'),('L00206','Swollen Lymph Nodes','L002'),('L00207','Pale Skin','L002'),('L00208','Fever','L002'),('L00209','Night Sweats','L002'),('L00210','Shortness of Breath','L002'),('L00301','Swollen Lymph Nodes','L003'),('L00302','Unexplained Weight Loss','L003'),('L00303','Fever','L003'),('L00304','Night Sweats','L003'),('L00305','Fatigue','L003'),('L00306','Itchy Skin','L003'),('L00307','Loss of Appetite','L003'),('L00308','Pain in the Chest or Abdomen','L003'),('L00309','Shortness of Breath','L003'),('L00310','Abdominal Pain','L003'),('L00401','Frequent Nosebleeds','L004'),('L00402','Easy Bruising','L004'),('L00403','Excessive Bleeding from Cuts','L004'),('L00404','Heavy or Prolonged Menstrual Periods','L004'),('L00405','Joint Pain and Swelling','L004'),('L00406','Blood in Urine or Stool','L004'),('L00407','Bleeding Gums','L004'),('L00408','Fatigue','L004'),('L00409','Unexplained Bleeding','L004'),('L00410','Bleeding After Surgery','L004'),('L00501','Anemia','L005'),('L00502','Pain Crises','L005'),('L00503','Swelling in Hands and Feet','L005'),('L00504','Frequent Infections','L005'),('L00505','Fatigue','L005'),('L00506','Delayed Growth','L005'),('L00507','Jaundice','L005'),('L00508','Shortness of Breath','L005'),('L00509','Dizziness','L005'),('L00510','Chest Pain','L005'),('L00601','Fatigue','L006'),('L00602','Paleness','L006'),('L00603','Shortness of Breath','L006'),('L00604','Weakness','L006'),('L00605','Enlarged Spleen','L006'),('L00606','Bone Deformities','L006'),('L00607','Jaundice','L006'),('L00608','Delayed Growth','L006'),('L00609','Dark Urine','L006'),('L00610','Frequent Infections','L006'),('L00701','Headaches','L007'),('L00702','Dizziness','L007'),('L00703','Itchy Skin','L007'),('L00704','Fatigue','L007'),('L00705','Shortness of Breath','L007'),('L00706','Blurry Vision','L007'),('L00707','Reddened Skin','L007'),('L00708','Unexplained Weight Loss','L007'),('L00709','Night Sweats','L007'),('L00710','Abdominal Pain','L007'),('L00801','Headaches','L008'),('L00802','Dizziness','L008'),('L00803','Vision Problems','L008'),('L00804','Burning Sensation in Hands or Feet','L008'),('L00805','Weakness','L008'),('L00806','Fatigue','L008'),('L00807','Bleeding from Gums','L008'),('L00808','Easy Bruising','L008'),('L00809','Chest Pain','L008'),('L00810','Unexplained Weight Loss','L008'),('L00901','Fatigue','L009'),('L00902','Shortness of Breath','L009'),('L00903','Easy Bruising','L009'),('L00904','Frequent Infections','L009'),('L00905','Paleness','L009'),('L00906','Dizziness','L009'),('L00907','Rapid Heartbeat','L009'),('L00908','Headaches','L009'),('L00909','Bleeding Gums','L009'),('L00910','Unexplained Bleeding','L009'),('L01001','Fatigue','L010'),('L01002','Joint Pain','L010'),('L01003','Abdominal Pain','L010'),('L01004','Skin Darkening','L010'),('L01005','Diabetes','L010'),('L01006','Heart Problems','L010'),('L01007','Unexplained Weight Loss','L010'),('L01008','Liver Problems','L010'),('L01009','Weakness','L010'),('L01010','Sexual Dysfunction','L010'),('L01101','Easy Bruising','L011'),('L01102','Frequent Nosebleeds','L011'),('L01103','Bleeding Gums','L011'),('L01104','Heavy Menstrual Periods','L011'),('L01105','Petechiae (Small Red Spots on Skin)','L011'),('L01106','Fatigue','L011'),('L01107','Enlarged Spleen','L011'),('L01108','Abdominal Pain','L011'),('L01109','Nosebleeds','L011'),('L01110','Blood in Urine','L011'),('L01201','Swollen Lymph Nodes','L012'),('L01202','Unexplained Weight Loss','L012'),('L01203','Fever','L012'),('L01204','Night Sweats','L012'),('L01205','Fatigue','L012'),('L01206','Itchy Skin','L012'),('L01207','Loss of Appetite','L012'),('L01208','Pain in the Chest or Abdomen','L012'),('L01209','Shortness of Breath','L012'),('L01210','Abdominal Pain','L012'),('L01301','Swollen Lymph Nodes','L013'),('L01302','Unexplained Weight Loss','L013'),('L01303','Fever','L013'),('L01304','Night Sweats','L013'),('L01305','Fatigue','L013'),('L01306','Itchy Skin','L013'),('L01307','Loss of Appetite','L013'),('L01308','Pain in the Chest or Abdomen','L013'),('L01309','Shortness of Breath','L013'),('L01310','Abdominal Pain','L013'),('L01401','Bone Pain','L014'),('L01402','Fatigue','L014'),('L01403','Frequent Infections','L014'),('L01404','Anemia','L014'),('L01405','Kidney Problems','L014'),('L01406','Hypercalcemia','L014'),('L01407','Weakness','L014'),('L01408','Loss of Appetite','L014'),('L01409','Weight Loss','L014'),('L01410','Numbness or Tingling','L014'),('L01501','Fatigue','L015'),('L01502','Shortness of Breath','L015'),('L01503','Easy Bruising','L015'),('L01504','Frequent Infections','L015'),('L01505','Paleness','L015'),('L01506','Dizziness','L015'),('L01507','Rapid Heartbeat','L015'),('L01508','Headaches','L015'),('L01509','Bleeding Gums','L015'),('L01510','Unexplained Bleeding','L015'),('L01601','Fatigue','L016'),('L01602','Headaches','L016'),('L01603','Dizziness','L016'),('L01604','Enlarged Spleen','L016'),('L01605','Night Sweats','L016'),('L01606','Abdominal Pain','L016'),('L01607','Unexplained Weight Loss','L016'),('L01608','Skin Itching','L016'),('L01609','Shortness of Breath','L016'),('L01610','Vision Problems','L016'),('L01701','Fatigue','L017'),('L01702','Night Sweats','L017'),('L01703','Fever','L017'),('L01704','Unexplained Weight Loss','L017'),('L01705','Pain or Fullness Below the Ribs','L017'),('L01706','Swollen Lymph Nodes','L017'),('L01707','Bone Pain','L017'),('L01708','Frequent Infections','L017'),('L01709','Bleeding or Bruising Easily','L017'),('L01710','Loss of Appetite','L017'),('L01801','Fatigue','L018'),('L01802','Fever','L018'),('L01803','Frequent Infections','L018'),('L01804','Unexplained Weight Loss','L018'),('L01805','Bone Pain','L018'),('L01806','Easy Bruising','L018'),('L01807','Bleeding Gums','L018'),('L01808','Swollen Lymph Nodes','L018'),('L01809','Shortness of Breath','L018'),('L01810','Loss of Appetite','L018'),('L01901','Fatigue','L019'),('L01902','Swollen Lymph Nodes','L019'),('L01903','Frequent Infections','L019'),('L01904','Unexplained Weight Loss','L019'),('L01905','Night Sweats','L019'),('L01906','Fever','L019'),('L01907','Pain or Fullness Below the Ribs','L019'),('L01908','Loss of Appetite','L019'),('L01909','Bone Pain','L019'),('L01910','Easy Bruising','L019'),('L02001','Fatigue','L020'),('L02002','Fever','L020'),('L02003','Bone Pain','L020'),('L02004','Swollen Lymph Nodes','L020'),('L02005','Frequent Infections','L020'),('L02006','Easy Bruising','L020'),('L02007','Bleeding Gums','L020'),('L02008','Unexplained Weight Loss','L020'),('L02009','Abdominal Pain','L020'),('L02010','Loss of Appetite','L020'),('M0001','Joint Pain','M01'),('M0002','Stiffness','M01'),('M0003','Swelling','M01'),('M0004','Reduced Range of Motion','M01'),('M0005','Crepitus','M01'),('M0006','Morning Stiffness','M02'),('M0007','Joint Swelling','M02'),('M0008','Fatigue','M02'),('M0009','Joint Deformities','M02'),('M0010','Warmth Over Joints','M02'),('M0011','Bone Fractures','M03'),('M0012','Back Pain','M03'),('M0013','Loss of Height','M03'),('M0014','Postural Changes','M03'),('M0015','Stooped Posture','M03'),('M0016','Sudden Joint Pain','M04'),('M0017','Swelling in Joints','M04'),('M0018','Redness','M04'),('M0019','Tenderness','M04'),('M0020','Limited Range of Motion','M04'),('M0021','Widespread Pain','M05'),('M0022','Fatigue','M05'),('M0023','Sleep Disturbances','M05'),('M0024','Cognitive Difficulties','M05'),('M0025','Stiffness','M05'),('M0026','Lower Back Pain','M06'),('M0027','Stiffness','M06'),('M0028','Postural Changes','M06'),('M0029','Reduced Spinal Mobility','M06'),('M0030','Pain in Buttocks','M06'),('M0031','Uneven Shoulders','M07'),('M0032','Uneven Waist','M07'),('M0033','Back Pain','M07'),('M0034','Visible Spine Curve','M07'),('M0035','Breathing Difficulties','M07'),('M0036','Pain Near Tendon','M08'),('M0037','Swelling','M08'),('M0038','Tenderness','M08'),('M0039','Reduced Range of Motion','M08'),('M0040','Stiffness','M08'),('M0041','Joint Pain','M09'),('M0042','Swelling','M09'),('M0043','Tenderness','M09'),('M0044','Warmth Over Affected Area','M09'),('M0045','Reduced Range of Motion','M09'),('M0046','Numbness in Fingers','M10'),('M0047','Tingling in Hand','M10'),('M0048','Weak Grip','M10'),('M0049','Pain in Wrist','M10'),('M0050','Pain Radiating to Arm','M10'),('M0051','Back Pain','M11'),('M0052','Sciatica','M11'),('M0053','Numbness in Legs','M11'),('M0054','Weakness in Legs','M11'),('M0055','Reduced Reflexes','M11'),('M0056','Pain Radiating Down Leg','M12'),('M0057','Numbness in Leg','M12'),('M0058','Weakness in Leg','M12'),('M0059','Burning Sensation','M12'),('M0060','Muscle Weakness','M12'),('M0061','Pain at Fracture Site','M13'),('M0062','Swelling','M13'),('M0063','Bruising','M13'),('M0064','Deformity','M13'),('M0065','Inability to Move the Affected Area','M13'),('M0066','Bone Pain','M14'),('M0067','Swelling','M14'),('M0068','Fractures','M14'),('M0069','Fatigue','M14'),('M0070','Unexplained Weight Loss','M14'),('M0071','Muscle Weakness','M15'),('M0072','Reduced Muscle Mass','M15'),('M0073','Difficulty Moving Limbs','M15'),('M0074','Muscle Wasting','M15'),('M0075','Loss of Strength','M15'),('M0076','Pain in Affected Area','M16'),('M0077','Swelling','M16'),('M0078','Bruising','M16'),('M0079','Limited Range of Motion','M16'),('M0080','Tenderness','M16'),('M0081','Bone Pain','M17'),('M0082','Enlarged Bones','M17'),('M0083','Deformities','M17'),('M0084','Fractures','M17'),('M0085','Hearing Loss','M17'),('M0086','Fatigue','M18'),('M0087','Joint Pain','M18'),('M0088','Skin Rash','M18'),('M0089','Fever','M18'),('M0090','Photosensitivity','M18'),('M0091','Hypermobile Joints','M19'),('M0092','Skin Elasticity','M19'),('M0093','Joint Pain','M19'),('M0094','Frequent Bruising','M19'),('M0095','Fragile Skin','M19'),('M0096','Muscle Weakness','M20'),('M0097','Muscle Pain','M20'),('M0098','Fatigue','M20'),('M0099','Swelling','M20'),('M0100','Difficulty Swallowing','M20'),('N0101','Tremors','N01'),('N0102','Stiffness','N01'),('N0103','Slow movement','N01'),('N0104','Impaired balance','N01'),('N0105','Speech changes','N01'),('N0106','Writing changes','N01'),('N0107','Masked face','N01'),('N0108','Depression','N01'),('N0109','Sleep disturbances','N01'),('N0110','Memory problems','N01'),('N0201','Headaches','N02'),('N0202','Seizures','N02'),('N0203','Vision problems','N02'),('N0204','Memory loss','N02'),('N0205','Speech difficulties','N02'),('N0206','Personality changes','N02'),('N0207','Hearing problems','N02'),('N0208','Nausea','N02'),('N0209','Fatigue','N02'),('N0210','Coordination problems','N02'),('N0301','Memory loss','N03'),('N0302','Difficulty planning','N03'),('N0303','Confusion with time','N03'),('N0304','Difficulty completing tasks','N03'),('N0305','Misplacing things','N03'),('N0306','Mood changes','N03'),('N0307','Social withdrawal','N03'),('N0308','Difficulty with words','N03'),('N0309','Judgment problems','N03'),('N0310','Disorientation','N03'),('N0401','Numbness','N04'),('N0402','Fatigue','N04'),('N0403','Vision problems','N04'),('N0404','Muscle spasms','N04'),('N0405','Difficulty walking','N04'),('N0406','Dizziness','N04'),('N0407','Bladder problems','N04'),('N0408','Memory problems','N04'),('N0409','Speech problems','N04'),('N0410','Depression','N04'),('N0501','Seizures','N05'),('N0502','Loss of consciousness','N05'),('N0503','Confusion','N05'),('N0504','Staring spells','N05'),('N0505','Jerking movements','N05'),('N0506','Anxiety','N05'),('N0507','Memory problems','N05'),('N0508','Depression','N05'),('N0509','Sleep disturbances','N05'),('N0510','Fatigue','N05'),('N0601','Muscle cramps','N06'),('N0602','Twitching in arms, shoulders, tongue','N06'),('N0603','Weakness in legs, feet, or ankles','N06'),('N0604','Difficulty walking','N06'),('N0605','Slurred speech','N06'),('N0606','Difficulty holding head up','N06'),('N0607','Unintended weight loss','N06'),('N0701','Involuntary jerking movements','N07'),('N0702','Muscle problems','N07'),('N0703','Slow or abnormal eye movements','N07'),('N0704','Impaired gait','N07'),('N0705','Difficulty with speech','N07'),('N0706','Difficulty swallowing','N07'),('N0707','Cognitive decline','N07'),('N0801','Severe throbbing headache','N08'),('N0802','Sensitivity to light and sound','N08'),('N0803','Nausea','N08'),('N0804','Visual disturbances (aura)','N08'),('N0805','Dizziness','N08'),('N0901','Sudden weakness in facial muscles','N09'),('N0902','Drooping of one side of the face','N09'),('N0903','Drooling','N09'),('N0904','Pain around the jaw or behind the ear','N09'),('N0905','Decreased ability to taste','N09'),('N1001','Sudden numbness or weakness in the face, arm, or leg','N10'),('N1002','Confusion or trouble speaking','N10'),('N1003','Trouble seeing in one or both eyes','N10'),('N1004','Difficulty walking, dizziness, loss of balance','N10'),('N1005','Severe headache with no known cause','N10'),('N1201','Memory loss','N12'),('N1202','Difficulty in finding words','N12'),('N1203','Confusion about time and place','N12'),('N1204','Difficulty with daily tasks','N12'),('N1205','Changes in mood or behavior','N12'),('N1501','Uncontrolled jerking movements','N15'),('N1502','Loss of consciousness','N15'),('N1503','Confusion after the episode','N15'),('N1504','Staring spells','N15'),('N1505','Muscle stiffness','N15'),('N1801','Abnormal muscle tone','N18'),('N1802','Difficulty with motor control','N18'),('N1803','Difficulty with balance','N18'),('N1804','Involuntary movements','N18'),('N1805','Difficulty with fine motor skills','N18'),('O00101','Frequent Urination','O001'),('O00102','Burning Sensation During Urination','O001'),('O00103','Cloudy or Strong-Smelling Urine','O001'),('O00104','Blood in Urine','O001'),('O00105','Pelvic Pain','O001'),('O00106','Fever','O001'),('O00107','Urgency to Urinate','O001'),('O00108','Lower Abdominal Pain','O001'),('O00109','Painful Urination','O001'),('O00110','Back Pain','O001'),('O00201','Severe Pain in the Side and Back','O002'),('O00202','Painful Urination','O002'),('O00203','Frequent Urination','O002'),('O00204','Blood in Urine','O002'),('O00205','Cloudy or Foul-Smelling Urine','O002'),('O00206','Nausea and Vomiting','O002'),('O00207','Fever and Chills','O002'),('O00208','Abdominal Pain','O002'),('O00209','Pain in the Groin','O002'),('O00210','Difficulty Urinating','O002'),('O00301','Frequent Urination','O003'),('O00302','Burning Sensation During Urination','O003'),('O00303','Cloudy or Strong-Smelling Urine','O003'),('O00304','Blood in Urine','O003'),('O00305','Pelvic Pain','O003'),('O00306','Urgency to Urinate','O003'),('O00307','Lower Abdominal Pain','O003'),('O00308','Painful Urination','O003'),('O00309','Back Pain','O003'),('O00310','Fever','O003'),('O00401','Frequent Urination','O004'),('O00402','Difficulty Starting Urination','O004'),('O00403','Weak Urine Stream','O004'),('O00404','Urgency to Urinate','O004'),('O00405','Painful Urination','O004'),('O00406','Blood in Urine','O004'),('O00407','Painful Ejaculation','O004'),('O00408','Lower Abdominal Pain','O004'),('O00409','Pelvic Pain','O004'),('O00410','Incomplete Bladder Emptying','O004'),('O00501','Difficulty Achieving an Erection','O005'),('O00502','Difficulty Maintaining an Erection','O005'),('O00503','Reduced Sexual Desire','O005'),('O00504','Premature Ejaculation','O005'),('O00505','Low Self-Esteem Related to Sexual Performance','O005'),('O00506','Depression','O005'),('O00507','Anxiety','O005'),('O00508','Stress','O005'),('O00509','Relationship Issues','O005'),('O00510','Fatigue','O005'),('O00601','Uncontrolled Urine Leakage','O006'),('O00602','Frequent Urination','O006'),('O00603','Urgency to Urinate','O006'),('O00604','Nocturia (Nighttime Urination)','O006'),('O00605','Dribbling of Urine','O006'),('O00606','Leakage During Physical Activity','O006'),('O00607','Leakage When Laughing or Coughing','O006'),('O00608','Painful Urination','O006'),('O00609','Abdominal Pain','O006'),('O00610','Foul-Smelling Urine','O006'),('O00701','Pelvic Pain','O007'),('O00702','Urgency to Urinate','O007'),('O00703','Frequent Urination','O007'),('O00704','Painful Urination','O007'),('O00705','Lower Abdominal Pain','O007'),('O00706','Pain During Intercourse','O007'),('O00707','Relief of Pain After Urination','O007'),('O00708','Pressure or Fullness in the Bladder','O007'),('O00709','Discomfort After Sitting','O007'),('O00710','Nocturia (Nighttime Urination)','O007'),('O00801','Fever and Chills','O008'),('O00802','Flank Pain','O008'),('O00803','Nausea and Vomiting','O008'),('O00804','Frequent Urination','O008'),('O00805','Painful Urination','O008'),('O00806','Cloudy or Foul-Smelling Urine','O008'),('O00807','Blood in Urine','O008'),('O00808','Lower Abdominal Pain','O008'),('O00809','Fatigue','O008'),('O00810','Loss of Appetite','O008'),('O00901','Frequent Urination','O009'),('O00902','Burning Sensation During Urination','O009'),('O00903','Cloudy or Strong-Smelling Urine','O009'),('O00904','Blood in Urine','O009'),('O00905','Pelvic Pain','O009'),('O00906','Urgency to Urinate','O009'),('O00907','Lower Abdominal Pain','O009'),('O00908','Painful Urination','O009'),('O00909','Back Pain','O009'),('O00910','Fever','O009'),('O01001','Decreased Urine Output','O010'),('O01002','Swelling in Legs and Ankles','O010'),('O01003','Fatigue','O010'),('O01004','Shortness of Breath','O010'),('O01005','Nausea and Vomiting','O010'),('O01006','Confusion','O010'),('O01007','Loss of Appetite','O010'),('O01008','Chest Pain','O010'),('O01009','Itchy Skin','O010'),('O01010','Persistent Itching','O010'),('O01101','Flank Pain','O011'),('O01102','Abdominal Pain','O011'),('O01103','Frequent Urination','O011'),('O01104','Painful Urination','O011'),('O01105','Nausea and Vomiting','O011'),('O01106','Fever','O011'),('O01107','Swelling in the Abdomen','O011'),('O01108','Back Pain','O011'),('O01109','Difficulty Urinating','O011'),('O01110','Blood in Urine','O011'),('O01201','Frequent Urination','O012'),('O01202','Difficulty Starting Urination','O012'),('O01203','Weak Urine Stream','O012'),('O01204','Urgency to Urinate','O012'),('O01205','Painful Urination','O012'),('O01206','Nocturia (Nighttime Urination)','O012'),('O01207','Incomplete Bladder Emptying','O012'),('O01208','Straining to Urinate','O012'),('O01209','Pelvic Discomfort','O012'),('O01210','Pain During Urination','O012'),('O01301','Flank Pain','O013'),('O01302','Swelling in the Legs and Ankles','O013'),('O01303','Frequent Urination','O013'),('O01304','Painful Urination','O013'),('O01305','Nausea and Vomiting','O013'),('O01306','Fever','O013'),('O01307','Blood in Urine','O013'),('O01308','Fatigue','O013'),('O01309','Decreased Urine Output','O013'),('O01310','Loss of Appetite','O013'),('O01401','Swelling in the Face and Eyes','O014'),('O01402','Foamy Urine','O014'),('O01403','Blood in Urine','O014'),('O01404','Frequent Urination','O014'),('O01405','Fatigue','O014'),('O01406','High Blood Pressure','O014'),('O01407','Dark-Colored Urine','O014'),('O01408','Swelling in the Legs and Ankles','O014'),('O01409','Shortness of Breath','O014'),('O01410','Nausea and Vomiting','O014'),('O01501','Painful Urination','O015'),('O01502','Frequent Urination','O015'),('O01503','Discharge from the Urethra','O015'),('O01504','Redness and Swelling at the Urethral Opening','O015'),('O01505','Itching or Irritation in the Urethra','O015'),('O01506','Pain During Intercourse','O015'),('O01507','Lower Abdominal Pain','O015'),('O01508','Fever','O015'),('O01509','Pain in the Pelvis','O015'),('O01510','Nausea','O015'),('O01601','Decreased Urine Output','O016'),('O01602','Swelling in the Legs and Ankles','O016'),('O01603','Fatigue','O016'),('O01604','Nausea and Vomiting','O016'),('O01605','Shortness of Breath','O016'),('O01606','Confusion','O016'),('O01607','Chest Pain','O016'),('O01608','Itchy Skin','O016'),('O01609','Loss of Appetite','O016'),('O01610','Persistent Itching','O016'),('O01701','Fatigue','O017'),('O01702','Swelling in the Legs and Ankles','O017'),('O01703','Shortness of Breath','O017'),('O01704','Nausea and Vomiting','O017'),('O01705','Loss of Appetite','O017'),('O01706','Persistent Itching','O017'),('O01707','Confusion','O017'),('O01708','Decreased Urine Output','O017'),('O01709','High Blood Pressure','O017'),('O01710','Chest Pain','O017'),('O01801','Pain in the Abdomen or Flank','O018'),('O01802','Frequent Urination','O018'),('O01803','Painful Urination','O018'),('O01804','Difficulty Urinating','O018'),('O01805','Nausea and Vomiting','O018'),('O01806','Swelling in the Abdomen','O018'),('O01807','Decreased Urine Output','O018'),('O01808','Blood in Urine','O018'),('O01809','Back Pain','O018'),('O01810','Fever','O018'),('O01901','Blood in Urine','O019'),('O01902','Flank Pain','O019'),('O01903','Lump or Mass in the Abdomen','O019'),('O01904','Unexplained Weight Loss','O019'),('O01905','Fever','O019'),('O01906','Fatigue','O019'),('O01907','Swelling in the Legs','O019'),('O01908','Pain in the Side','O019'),('O01909','Decreased Appetite','O019'),('O01910','Persistent Cough','O019'),('O02001','Inability to Urinate','O020'),('O02002','Painful Urination','O020'),('O02003','Swelling in the Abdomen','O020'),('O02004','Frequent Urination','O020'),('O02005','Discomfort or Pain in the Pelvis','O020'),('O02006','Feeling of Incomplete Bladder Emptying','O020'),('O02007','Abdominal Pain','O020'),('O02008','Lower Abdominal Pressure','O020'),('O02009','Back Pain','O020'),('O02010','Difficulty Starting Urination','O020'),('P001','Persistent Sadness','P001'),('P002','Loss of Interest','P001'),('P003','Fatigue','P001'),('P004','Sleep Disturbances','P001'),('P005','Changes in Appetite','P001'),('P006','Excessive Worry','P002'),('P007','Restlessness','P002'),('P008','Muscle Tension','P002'),('P009','Irritability','P002'),('P010','Difficulty Concentrating','P002'),('P011','Mood Swings','P003'),('P012','Energy Fluctuations','P003'),('P013','Impulsivity','P003'),('P014','Hyperactivity','P003'),('P015','Risk-Taking Behaviors','P003'),('P016','Hallucinations','P004'),('P017','Delusions','P004'),('P018','Disorganized Thinking','P004'),('P019','Withdrawal from Social Activities','P004'),('P020','Paranoia','P004'),('P021','Flashbacks','P005'),('P022','Nightmares','P005'),('P023','Avoidance','P005'),('P024','Hypervigilance','P005'),('P025','Emotional Numbness','P005'),('P026','Obsessive Thoughts','P006'),('P027','Compulsive Behaviors','P006'),('P028','Repetitive Actions','P006'),('P029','Fear of Contamination','P006'),('P030','Need for Symmetry','P006'),('P031','Inattention','P007'),('P032','Hyperactivity','P007'),('P033','Impulsivity','P007'),('P034','Difficulty Organizing Tasks','P007'),('P035','Forgetfulness','P007'),('P036','Fear of Abandonment','P008'),('P037','Unstable Relationships','P008'),('P038','Impulsive Behaviors','P008'),('P039','Chronic Feelings of Emptiness','P008'),('P040','Mood Instability','P008'),('P041','Preoccupation with Weight','P009'),('P042','Distorted Body Image','P009'),('P043','Extreme Dieting','P009'),('P044','Binge Eating','P009'),('P045','Purging Behaviors','P009'),('P046','Cravings','P010'),('P047','Loss of Control','P010'),('P048','Neglecting Responsibilities','P010'),('P049','Tolerance Development','P010'),('P050','Withdrawal Symptoms','P010'),('P051','Insomnia','P011'),('P052','Excessive Sleepiness','P011'),('P053','Nightmares','P011'),('P054','Sleep Apnea','P011'),('P055','Restless Legs','P011'),('P056','Hallucinations','P012'),('P057','Delusions','P012'),('P058','Disorganized Speech','P012'),('P059','Catatonia','P012'),('P060','Paranoia','P012'),('P061','Memory Loss','P013'),('P062','Depersonalization','P013'),('P063','Identity Confusion','P013'),('P064','Out-of-Body Experiences','P013'),('P065','Emotional Detachment','P013'),('P066','Mood Swings','P014'),('P067','Hallucinations','P014'),('P068','Delusions','P014'),('P069','Manic Episodes','P014'),('P070','Depressive Episodes','P014'),('P071','Social Challenges','P015'),('P072','Repetitive Behaviors','P015'),('P073','Communication Difficulties','P015'),('P074','Sensory Sensitivities','P015'),('P075','Fixations','P015'),('P076','Physical Pain','P016'),('P077','Fatigue','P016'),('P078','Excessive Worry about Health','P016'),('P079','Gastrointestinal Symptoms','P016'),('P080','Neurological Symptoms','P016'),('P081','Depressive Episodes','P017'),('P082','Fatigue','P017'),('P083','Increased Sleep','P017'),('P084','Weight Gain','P017'),('P085','Social Withdrawal','P017'),('P086','Excessive Worry','P018'),('P087','Restlessness','P018'),('P088','Fatigue','P018'),('P089','Difficulty Concentrating','P018'),('P090','Muscle Tension','P018'),('P091','Sudden Panic Attacks','P019'),('P092','Heart Palpitations','P019'),('P093','Sweating','P019'),('P094','Chest Pain','P019'),('P095','Fear of Dying','P019'),('P096','Fear of Open Spaces','P020'),('P097','Avoidance of Crowds','P020'),('P098','Difficulty Leaving Home','P020'),('P099','Anxiety in Public Places','P020'),('P100','Dependence on Others','P020'),('Q001','Blurry vision','Q01'),('Q002','Difficulty seeing at night','Q01'),('Q003','Sensitivity to light and glare','Q01'),('Q004','Seeing halos around lights','Q01'),('Q005','Fading or yellowing of colors','Q01'),('Q006','Tunnel vision (in advanced stages)','Q02'),('Q007','Severe eye pain','Q02'),('Q008','Headache','Q02'),('Q009','Nausea and vomiting','Q02'),('Q010','Blurred vision','Q02'),('Q011','Distorted vision','Q03'),('Q012','Difficulty recognizing faces','Q03'),('Q013','A dark, blurry area in the center of vision','Q03'),('Q014','Difficulty reading or seeing in low light','Q03'),('Q015','Straight lines appearing wavy','Q03'),('Q016','Floaters or dark spots in vision','Q04'),('Q017','Blurred vision','Q04'),('Q018','Fluctuating vision','Q04'),('Q019','Dark or empty areas in vision','Q04'),('Q020','Difficulty with color perception','Q04'),('Q021','Sudden appearance of floaters','Q05'),('Q022','Sudden flashes of light','Q05'),('Q023','A shadow or curtain over part of the vision','Q05'),('Q024','Blurred vision','Q05'),('Q025','Reduced peripheral vision','Q05'),('Q026','Redness in the white of the eye','Q06'),('Q027','Itching or burning sensation','Q06'),('Q028','Discharge from the eye','Q06'),('Q029','Tearing','Q06'),('Q030','Swollen eyelids','Q06'),('Q031','Stinging or burning sensation','Q07'),('Q032','Redness in the eye','Q07'),('Q033','Sensitivity to light','Q07'),('Q034','Blurred vision','Q07'),('Q035','Feeling like there is something in the eye','Q07'),('Q036','Blurred or distorted vision','Q08'),('Q037','Increased sensitivity to light and glare','Q08'),('Q038','Difficulty driving at night','Q08'),('Q039','Frequent changes in eyeglass prescription','Q08'),('Q040','Double vision in one eye','Q08'),('Q041','Eye redness','Q09'),('Q042','Eye pain','Q09'),('Q043','Blurred vision','Q09'),('Q044','Sensitivity to light','Q09'),('Q045','Floaters in the vision','Q09'),('Q046','Spots or threads in vision','Q10'),('Q047','Dark or shadowy shapes in vision','Q10'),('Q048','Seeing small specks or cobwebs','Q10'),('Q049','Shapes that drift when moving eyes','Q10'),('Q050','Sudden increase in number of floaters','Q10'),('Q051','Poor depth perception','Q11'),('Q052','Squinting or closing one eye','Q11'),('Q053','Head tilting','Q11'),('Q054','Eyes not working together','Q11'),('Q055','Eye drifting inwards or outwards','Q11'),('Q056','Eyes that do not line up in the same direction','Q12'),('Q057','Double vision','Q12'),('Q058','Uncoordinated eye movements','Q12'),('Q059','Difficulty with depth perception','Q12'),('Q060','Eyestrain or headaches','Q12'),('Q061','Red, swollen eyelids','Q13'),('Q062','Crusty eyelids','Q13'),('Q063','Itchy eyelids','Q13'),('Q064','Burning or stinging eyes','Q13'),('Q065','Greasy eyelids','Q13'),('Q066','Pain with eye movement','Q14'),('Q067','Loss of vision in one eye','Q14'),('Q068','Color vision loss','Q14'),('Q069','Flashing lights in vision','Q14'),('Q070','Reduced field of vision','Q14'),('Q071','White color in the center of the eye (pupil)','Q15'),('Q072','Eye redness','Q15'),('Q073','Eye swelling','Q15'),('Q074','Poor vision','Q15'),('Q075','Crossed eyes','Q15'),('Q076','Red eye','Q16'),('Q077','Severe eye pain','Q16'),('Q078','Eye discharge','Q16'),('Q079','Blurred vision','Q16'),('Q080','Sensitivity to light','Q16'),('Q081','Blurred or distorted vision','Q17'),('Q082','Eyestrain or discomfort','Q17'),('Q083','Headaches','Q17'),('Q084','Difficulty seeing at night','Q17'),('Q085','Squinting','Q17'),('Q086','Difficulty reading small print','Q18'),('Q087','Needing brighter light for reading','Q18'),('Q088','Eyestrain after reading','Q18'),('Q089','Difficulty seeing close objects clearly','Q18'),('Q090','Holding reading material farther away','Q18'),('Q091','Difficulty distinguishing between colors','Q19'),('Q092','Inability to see shades or tones','Q19'),('Q093','Trouble seeing red or green','Q19'),('Q094','Trouble seeing blue or yellow','Q19'),('Q095','Bright lights causing visual discomfort','Q19'),('Q096','Difficulty seeing in low light or darkness','Q20'),('Q097','Trouble adjusting to darkness after bright light exposure','Q20'),('Q098','Poor vision in dim lighting','Q20'),('Q099','Increased difficulty driving at night','Q20'),('Q100','Seeing halos around lights at night','Q20'),('R0101','Shortness of breath','R01'),('R0102','Chest tightness','R01'),('R0103','Wheezing','R01'),('R0104','Coughing','R01'),('R0105','Fatigue','R01'),('R0106','Difficulty breathing','R01'),('R0107','Anxiety','R01'),('R0108','Sleep disturbances','R01'),('R0109','Rapid breathing','R01'),('R0110','Throat irritation','R01'),('R0201','Shortness of breath','R02'),('R0202','Chronic cough','R02'),('R0203','Mucus production','R02'),('R0204','Fatigue','R02'),('R0205','Wheezing','R02'),('R0206','Chest tightness','R02'),('R0207','Frequent respiratory infections','R02'),('R0208','Swelling in legs','R02'),('R0209','Weight loss','R02'),('R0210','Reduced exercise tolerance','R02'),('R0301','Cough with phlegm','R03'),('R0302','Fever','R03'),('R0303','Chills','R03'),('R0304','Shortness of breath','R03'),('R0305','Chest pain','R03'),('R0306','Fatigue','R03'),('R0307','Nausea','R03'),('R0308','Vomiting','R03'),('R0309','Diarrhea','R03'),('R0310','Muscle pain','R03'),('R0401','Cough','R04'),('R0402','Fever','R04'),('R0403','Night sweats','R04'),('R0404','Fatigue','R04'),('R0405','Loss of appetite','R04'),('R0406','Weight loss','R04'),('R0407','Chills','R04'),('R0408','Chest pain','R04'),('R0409','Coughing up blood','R04'),('R0410','Weakness','R04'),('R0501','Cough that doesn’t go away','R05'),('R0502','Chest pain','R05'),('R0503','Shortness of breath','R05'),('R0504','Wheezing','R05'),('R0505','Coughing up blood','R05'),('R0506','Fatigue','R05'),('R0507','Weight loss','R05'),('R0508','Loss of appetite','R05'),('R0509','Bone pain','R05'),('R0510','Hoarseness','R05'),('R0601','Shortness of breath','R06'),('R0602','Chronic dry cough','R06'),('R0603','Fatigue','R06'),('R0604','Unexplained weight loss','R06'),('R0605','Aching muscles and joints','R06'),('R0701','Chest pain','R07'),('R0702','Dry cough','R07'),('R0703','Difficulty breathing','R07'),('R0704','Orthopnea','R07'),('R0705','Fever','R07'),('R0801','Loud snoring','R08'),('R0802','Episodes of breathing cessation during sleep','R08'),('R0803','Gasping for air during sleep','R08'),('R0804','Excessive daytime sleepiness','R08'),('R0805','Morning headache','R08'),('R0901','Persistent cough','R09'),('R0902','Production of mucus','R09'),('R0903','Fatigue','R09'),('R0904','Shortness of breath','R09'),('R0905','Mild fever and chills','R09'),('R1001','Chronic cough','R10'),('R1002','Frequent lung infections','R10'),('R1003','Shortness of breath','R10'),('R1004','Salty-tasting skin','R10'),('R1005','Poor growth and weight gain','R10'),('R1101','Sudden shortness of breath','R11'),('R1102','Chest pain that may worsen with deep breathing','R11'),('R1103','Coughing up blood','R11'),('R1104','Rapid or irregular heartbeat','R11'),('R1105','Lightheadedness or fainting','R11'),('R1301','Dry cough','R13'),('R1302','Shortness of breath','R13'),('R1303','Fatigue','R13'),('R1304','Unexplained weight loss','R13'),('R1305','Muscle or joint aches','R13'),('R1401','Chronic cough','R14'),('R1402','Shortness of breath','R14'),('R1403','Wheezing','R14'),('R1404','Fatigue','R14'),('R1405','Unintentional weight loss','R14'),('S001','Fatigue','S01'),('S002','Sudden nausea and vomiting','S01'),('S003','Abdominal pain or discomfort, especially in the upper right side beneath the lower ribs','S01'),('S004','Loss of appetite','S01'),('S005','Low-grade fever','S01'),('S006','Dark urine','S01'),('S007','Joint pain','S01'),('S008','Jaundice (yellowing of the skin and eyes)','S01'),('S009','Abdominal pain','S02'),('S010','Dark urine','S02'),('S011','Fever','S02'),('S012','Joint pain','S02'),('S013','Loss of appetite','S02'),('S014','Nausea and vomiting','S02'),('S015','Weakness and fatigue','S02'),('S016','Jaundice (yellowing of the skin and eyes)','S02'),('S017','Fatigue','S03'),('S018','Fever','S03'),('S019','Nausea','S03'),('S020','Loss of appetite','S03'),('S021','Muscle and joint pain','S03'),('S022','Jaundice (yellowing of the skin and eyes)','S03'),('S023','Dark urine','S03'),('S024','Itchy skin','S03'),('S025','Fatigue','S04'),('S026','Easily bleeding or bruising','S04'),('S027','Loss of appetite','S04'),('S028','Nausea','S04'),('S029','Swelling in the legs, feet, or ankles (edema)','S04'),('S030','Weight loss','S04'),('S031','Jaundice (yellowing of the skin and eyes)','S04'),('S032','Spiderlike blood vessels on the skin','S04'),('S033','Redness in the palms of the hands','S04'),('S034','Fatigue','S05'),('S035','Pain or discomfort in the upper right side of the abdomen','S05'),('S036','Weight loss','S05'),('S037','Weakness','S05'),('S038','Enlarged liver','S05'),('S039','Unintentional weight loss','S06'),('S040','Loss of appetite','S06'),('S041','Upper abdominal pain','S06'),('S042','Nausea and vomiting','S06'),('S043','General weakness and fatigue','S06'),('S044','Swelling in the abdomen','S06'),('S045','Jaundice (yellowing of the skin and eyes)','S06'),('S046','White, chalky stools','S06'),('S047','Joint pain, particularly in the knuckles and first two fingers','S07'),('S048','Fatigue','S07'),('S049','Weakness','S07'),('S050','Diabetes','S07'),('S051','Loss of sex drive or erectile dysfunction','S07'),('S052','Heart abnormalities, such as irregular heartbeat or heart failure','S07'),('S053','Skin color changes, making the skin look bronze or gray','S07'),('S054','Fatigue','S08'),('S055','Jaundice (yellowing of the skin and eyes)','S08'),('S056','Swelling in the legs and abdomen','S08'),('S057','Difficulty speaking','S08'),('S058','Tremors or muscle stiffness','S08'),('S059','Unsteady gait or difficulty walking','S08'),('S060','Clumsiness or lack of coordination','S08'),('S061','Psychiatric symptoms such as depression or mood swings','S08'),('S062','Fatigue','S09'),('S063','Itchy skin','S09'),('S064','Dry eyes and mouth','S09'),('S065','Pain in the upper right side of the abdomen','S09'),('S066','Yellowing of the skin and eyes (jaundice)','S09'),('S067','Swelling of the feet and ankles','S09'),('S068','Darkening of the skin (hyperpigmentation)','S09'),('S069','Fatigue','S10'),('S070','Itchy skin','S10'),('S071','Jaundice (yellowing of the skin and eyes)','S10'),('S072','Pain in the upper right part of the abdomen','S10'),('S073','Fever','S10'),('S074','Unintended weight loss','S10'),('S075','Enlarged liver','S10'),('S076','Loss of appetite','S11'),('S077','Nausea and vomiting','S11'),('S078','Abdominal pain and tenderness','S11'),('S079','Jaundice (yellowing of the skin and eyes)','S11'),('S080','Fever','S11'),('S081','Fatigue','S11'),('S082','Swelling in the abdomen (ascites)','S11'),('S083','Mental confusion','S11'),('S084','Fatigue','S12'),('S085','Unexplained weight loss','S12'),('S086','Weakness','S12'),('S087','Upper right abdominal pain','S12'),('S088','Jaundice (yellowing of the skin and eyes)','S12'),('S089','Fatigue','S13'),('S090','Abdominal discomfort','S13'),('S091','Joint pain','S13'),('S092','Yellowing of the skin and eyes (jaundice)','S13'),('S093','Itchy skin','S13'),('S094','Spiderlike blood vessels on the skin','S13'),('S095','Irregular menstrual cycles','S13'),('S096','Dark urine','S13'),('S101','Bone pain, especially in arms and legs','C16'),('S102','Swelling near a bone','C16'),('S103','Limping','C16'),('S104','Fatigue','C16'),('S105','Unexplained weight loss','C16'),('S106','Fever','C16'),('S107','Persistent mouth sores','C17'),('S108','Pain when swallowing','C17'),('S109','Lump or thickening in cheek','C17'),('S110','Jaw pain or stiffness','C17'),('S111','Numbness of tongue or mouth','C17'),('S112','Unexplained weight loss','C17'),('S113','Hoarseness lasting more than two weeks','C18'),('S114','Sore throat that does not go away','C18'),('S115','Difficulty breathing','C18'),('S116','Ear pain','C18'),('S117','Persistent cough','C18'),('S118','Unexplained weight loss','C18'),('S119','Lump or swelling in the testicle','C19'),('S120','Heaviness in the scrotum','C19'),('S121','Dull ache in the abdomen or groin','C19'),('S122','Sudden fluid collection in the scrotum','C19'),('S123','Pain or discomfort in the testicle or scrotum','C19'),('S124','Enlargement or tenderness of the breasts','C19'),('S125','Abnormal vaginal bleeding','C20'),('S126','Pelvic pain','C20'),('S127','Pain during intercourse','C20'),('S128','Unusual vaginal discharge','C20'),('S129','Leg pain or swelling','C20'),('S130','Loss of appetite','C20'),('S131','Chest pain or angina','H18'),('S132','Shortness of breath','H18'),('S133','Fatigue during exertion','H18'),('S134','Weakness in arms or legs','H18'),('S135','Numbness or pain in legs','H18'),('S136','Difficulty speaking','H18'),('S137','Sudden collapse','H19'),('S138','No pulse','H19'),('S139','No breathing','H19'),('S140','Loss of consciousness','H19'),('S141','Chest pain or discomfort','H19'),('S142','Palpitations','H19'),('S143','Fever with joint pain','H20'),('S144','Chest pain','H20'),('S145','Shortness of breath','H20'),('S146','Fatigue','H20'),('S147','Irregular heartbeats','H20'),('S148','Swelling in limbs','H20'),('S149','Chest pain','H21'),('S150','Rapid or abnormal heart rhythms','H21'),('S151','Shortness of breath at rest or during activity','H21'),('S152','Fluid retention, swelling of legs or abdomen','H21'),('S153','Fatigue','H21'),('S154','Flu-like symptoms','H21'),('S155','Shortness of breath during exercise','H22'),('S156','Bluish tint to skin, lips, or fingernails','H22'),('S157','Fatigue','H22'),('S158','Rapid breathing','H22'),('S159','Swelling in the legs, abdomen, or areas around the eyes','H22'),('S160','Poor weight gain in infants','H22'),('S161','Blood in urine','K18'),('S162','Lower back pain','K18'),('S163','Unexplained weight loss','K18'),('S164','Fatigue','K18'),('S165','Fever that comes and goes','K18'),('S166','Swelling in the ankles','K18'),('S167','Blood in urine','K19'),('S168','Frequent kidney stones','K19'),('S169','Pain in the side or back','K19'),('S170','Urinary tract infections','K19'),('S171','Painful urination','K19'),('S172','Cloudy or foul-smelling urine','K19'),('S173','Fever and chills','K20'),('S174','Back or side pain','K20'),('S175','Frequent urination','K20'),('S176','Urgent need to urinate','K20'),('S177','Painful urination','K20'),('S178','Nausea and vomiting','K20'),('S179','Reduced urine output','K21'),('S180','Swelling in the legs, ankles, or feet','K21'),('S181','Shortness of breath','K21'),('S182','Fatigue','K21'),('S183','Nausea','K21'),('S184','Chest pain or pressure','K21'),('S185','High blood pressure','K22'),('S186','Protein in urine','K22'),('S187','Swelling in legs, ankles, or feet','K22'),('S188','Frequent urination, especially at night','K22'),('S189','Fatigue','K22'),('S190','Difficulty concentrating','K22'),('S191','Severe headache','N19'),('S192','Stiff neck','N19'),('S193','Fever','N19'),('S194','Sensitivity to light','N19'),('S195','Nausea and vomiting','N19'),('S196','Confusion','N19'),('S197','Severe headache','N20'),('S198','Fever','N20'),('S199','Confusion','N20'),('S200','Seizures','N20'),('S201','Hallucinations','N20'),('S202','Loss of consciousness','N20'),('S203','Numbness in hands or feet','N21'),('S204','Tingling or burning sensation','N21'),('S205','Weakness in limbs','N21'),('S206','Sensitivity to touch','N21'),('S207','Lack of coordination','N21'),('S208','Sharp, jabbing pains','N21'),('S209','Tingling or prickling sensations in fingers and toes','N22'),('S210','Weakness in legs that spreads to upper body','N22'),('S211','Difficulty walking','N22'),('S212','Difficulty with facial movements','N22'),('S213','Severe pain','N22'),('S214','Rapid heart rate','N22'),('S215','Muscle weakness','N23'),('S216','Drooping of eyelids','N23'),('S217','Difficulty swallowing','N23'),('S218','Double vision','N23'),('S219','Difficulty speaking','N23'),('S220','Shortness of breath','N23'),('S221','Persistent dry cough','R15'),('S222','Shortness of breath','R15'),('S223','Fatigue','R15'),('S224','Chest pain','R15'),('S225','Fever','R15'),('S226','Weight loss','R15'),('S227','Sharp chest pain that worsens with breathing','R16'),('S228','Shortness of breath','R16'),('S229','Dry cough','R16'),('S230','Pain in the shoulder or back','R16'),('S231','Rapid breathing','R16'),('S232','Fever','R16'),('S233','Shortness of breath during activity','R17'),('S234','Fatigue','R17'),('S235','Chest pain','R17'),('S236','Swelling in ankles or legs','R17'),('S237','Bluish color of lips or skin','R17'),('S238','Rapid heartbeat','R17'),('S239','Shortness of breath','R18'),('S240','Persistent cough','R18'),('S241','Chest pain','R18'),('S242','Fatigue','R18'),('S243','Wheezing','R18'),('S244','Clubbing of fingers','R18'),('S245','Difficulty breathing, especially when lying flat','R19'),('S246','Coughing up blood or pink frothy mucus','R19'),('S247','Rapid weight gain','R19'),('S248','Swelling in legs or ankles','R19'),('S249','Fatigue','R19'),('S250','Shortness of breath','R19'),('T001','Irregular periods','T01'),('T002','Excessive hair growth (hirsutism)','T01'),('T003','Acne','T01'),('T004','Weight gain','T01'),('T005','Thinning hair on the scalp','T01'),('T006','Infertility','T01'),('T007','Pelvic pain','T01'),('T008','Pelvic pain','T02'),('T009','Menstrual cramps','T02'),('T010','Pain during intercourse','T02'),('T011','Pain with bowel movements or urination','T02'),('T012','Excessive bleeding','T02'),('T013','Infertility','T02'),('T014','Fatigue','T02'),('T015','Heavy menstrual bleeding','T03'),('T016','Pelvic pain','T03'),('T017','Frequent urination','T03'),('T018','Difficulty emptying the bladder','T03'),('T019','Constipation','T03'),('T020','Backache','T03'),('T021','Enlarged abdomen','T03'),('T022','Abdominal bloating','T04'),('T023','Pelvic pain','T04'),('T024','Difficulty eating or feeling full quickly','T04'),('T025','Frequent urination','T04'),('T026','Fatigue','T04'),('T027','Unexplained weight loss','T04'),('T028','Abnormal vaginal bleeding','T04'),('T029','Abnormal vaginal bleeding','T05'),('T030','Pelvic pain','T05'),('T031','Pain during intercourse','T05'),('T032','Vaginal discharge with a strong odor','T05'),('T033','Unexplained weight loss','T05'),('T034','Fatigue','T05'),('T035','Swelling in the legs','T05'),('T036','Pelvic pain','T06'),('T037','Abnormal vaginal discharge','T06'),('T038','Painful intercourse','T06'),('T039','Painful urination','T06'),('T040','Irregular menstrual bleeding','T06'),('T041','Fever','T06'),('T042','Lower back pain','T06'),('T043','Irregular periods','T07'),('T044','Heavy bleeding','T07'),('T045','Light bleeding','T07'),('T046','Painful periods','T07'),('T047','Skipped periods','T07'),('T048','Premenstrual syndrome (PMS)','T07'),('T049','Spotting between periods','T07'),('T050','Pelvic pain','T08'),('T051','Abdominal bloating','T08'),('T052','Painful periods','T08'),('T053','Frequent urination','T08'),('T054','Difficulty emptying the bladder','T08'),('T055','Pain during intercourse','T08'),('T056','Lower back pain','T08'),('T057','Vaginal itching','T09'),('T058','Abnormal vaginal discharge','T09'),('T059','Burning sensation during urination','T09'),('T060','Pain during intercourse','T09'),('T061','Swelling of the vaginal area','T09'),('T062','Redness around the vaginal area','T09'),('T063','Unpleasant odor from the vagina','T09'),('T064','Chronic vulvar pain','T10'),('T065','Burning sensation','T10'),('T066','Itching','T10'),('T067','Soreness','T10'),('T068','Pain during intercourse','T10'),('T069','Pain with tampon use','T10'),('T070','Swelling of the vulva','T10'),('T071','Hot flashes','T11'),('T072','Night sweats','T11'),('T073','Irregular periods','T11'),('T074','Vaginal dryness','T11'),('T075','Mood swings','T11'),('T076','Sleep disturbances','T11'),('T077','Weight gain','T11'),('T078','Abdominal pain','T12'),('T079','Vaginal bleeding','T12'),('T080','Shoulder pain','T12'),('T081','Dizziness or fainting','T12'),('T082','Pain during urination or bowel movements','T12'),('T083','Weakness','T12'),('T084','Rapid heartbeat','T12'),('T085','Inability to conceive after a year of unprotected sex','T13'),('T086','Irregular menstrual cycles','T13'),('T087','Hormonal imbalance symptoms','T13'),('T088','Pelvic pain','T13'),('T089','Pain during intercourse','T13'),('T090','Unexplained weight gain or loss','T13'),('T091','Frequent miscarriages','T13'),('T092','Pelvic pressure or heaviness','T14'),('T093','Bulge or lump in the vagina','T14'),('T094','Urinary incontinence','T14'),('T095','Difficulty with bowel movements','T14'),('T096','Feeling of incomplete bladder emptying','T14'),('T097','Painful intercourse','T14'),('T098','Backache','T14'),('T099','Severe menstrual cramps','T15'),('T100','Abdominal pain','T15'),('T101','Nausea','T15'),('T102','Vomiting','T15'),('T103','Diarrhea','T15'),('T104','Headaches','T15'),('T105','Fatigue','T15'),('T106','Lump or mass in the breast','T16'),('T107','Changes in breast shape or size','T16'),('T108','Nipple discharge','T16'),('T109','Pain in the breast or nipple','T16'),('T110','Swelling or tenderness in the breast','T16'),('T111','Redness or dimpling of the breast skin','T16'),('T112','Enlarged lymph nodes in the armpit','T16'),('T113','Severe nausea','T17'),('T114','Persistent vomiting','T17'),('T115','Dehydration','T17'),('T116','Weight loss','T17'),('T117','Electrolyte imbalances','T17'),('T118','Low blood pressure','T17'),('T119','Increased heart rate','T17'),('T120','High blood pressure','T18'),('T121','Swelling of hands and face','T18'),('T122','Protein in the urine','T18'),('T123','Headaches','T18'),('T124','Vision changes','T18'),('T125','Abdominal pain','T18'),('T126','Nausea and vomiting','T18'),('T127','Painless vaginal bleeding','T19'),('T128','Pelvic pressure','T19'),('T129','Abdominal cramping','T19'),('T130','Back pain','T19'),('T131','Frequent urination','T19'),('T132','Difficulty walking','T19'),('T133','Abnormal fetal positioning','T19'),('T134','Increased thirst','T20'),('T135','Frequent urination','T20'),('T136','Fatigue','T20'),('T137','Nausea','T20'),('T138','Blurred vision','T20'),('T139','Frequent infections','T20'),('T140','Weight loss','T20'),('U001','Difficulty urinating','U01'),('U002','Blood in urine','U01'),('U003','Pelvic discomfort','U01'),('U004','Bone pain','U01'),('U005','Erectile dysfunction','U01'),('U006','Lump in testicle','U02'),('U007','Heaviness in scrotum','U02'),('U008','Dull ache in abdomen','U02'),('U009','Back pain','U02'),('U010','Enlargement of breast tissue','U02'),('U011','Trouble getting an erection','U03'),('U012','Difficulty maintaining an erection','U03'),('U013','Reduced sexual desire','U03'),('U014','Premature ejaculation','U03'),('U015','Low sperm count','U04'),('U016','Low sperm motility','U04'),('U017','Erectile dysfunction','U04'),('U018','Pain or swelling in testicles','U04'),('U019','Hormonal imbalances','U04'),('U020','Frequent urination','U05'),('U021','Weak urine stream','U05'),('U022','Urgency to urinate','U05'),('U023','Incomplete bladder emptying','U05'),('U024','Difficulty starting urination','U05'),('U025','Enlarged veins in scrotum','U06'),('U026','Testicular pain','U06'),('U027','Fertility issues','U06'),('U028','Visible twisted veins','U06'),('U029','Swelling in scrotum','U07'),('U030','Discomfort in scrotum','U07'),('U031','Heaviness in scrotum','U07'),('U032','Penile curvature','U08'),('U033','Painful erections','U08'),('U034','Difficulty with sexual intercourse','U08'),('U035','Low testosterone levels','U09'),('U036','Reduced sex drive','U09'),('U037','Fatigue','U09'),('U038','Depression','U09'),('U039','Infertility','U09'),('U040','Lump on the penis','U10'),('U041','Sores on the penis','U10'),('U042','Foul-smelling discharge','U10'),('U043','Bleeding from the penis','U10'),('U044','Testicular pain','U11'),('U045','Swelling in testicles','U11'),('U046','Fever','U11'),('U047','Nausea','U11'),('U048','Pain in scrotum','U12'),('U049','Swelling in scrotum','U12'),('U050','Discharge from penis','U12'),('U051','Blood in semen','U12'),('U052','Pelvic pain','U13'),('U053','Frequent urination','U13'),('U054','Painful urination','U13'),('U055','Painful ejaculation','U13'),('U056','Sudden severe testicular pain','U14'),('U057','Swelling of scrotum','U14'),('U058','Nausea and vomiting','U14'),('U059','Abdominal pain','U14'),('U060','Enlarged breast tissue','U15'),('U061','Breast tenderness','U15'),('U062','Breast pain','U15'),('U063','Dry orgasm','U16'),('U064','Cloudy urine after ejaculation','U16'),('U065','Infertility','U16'),('U066','Popping sound during injury','U17'),('U067','Severe penile pain','U17'),('U068','Swelling and bruising of penis','U17'),('U069','Inability to retract foreskin','U18'),('U070','Painful urination','U18'),('U071','Swelling of foreskin','U18'),('U072','Swelling of retracted foreskin','U19'),('U073','Painful glans','U19'),('U074','Reduced blood flow to glans','U19'),('U075','Ejaculation within 1 minute of penetration','U20'),('U076','Inability to delay ejaculation','U20'),('U077','Distress about ejaculation timing','U20'),('V001','Toothache','V01'),('V002','Visible holes in teeth','V01'),('V003','Tooth sensitivity to sweets','V01'),('V004','Pain when biting','V01'),('V005','Swollen gums','V02'),('V006','Bleeding gums when brushing','V02'),('V007','Bad breath','V02'),('V008','Tender gums','V02'),('V009','Receding gums','V03'),('V010','Loose teeth','V03'),('V011','Formation of pockets between teeth and gums','V03'),('V012','Pus between teeth and gums','V03'),('V013','Severe toothache','V04'),('V014','Swelling in face','V04'),('V015','Fever','V04'),('V016','Bad taste in mouth','V04'),('V017','Sharp pain when eating hot or cold foods','V05'),('V018','Pain when brushing','V05'),('V019','Discomfort with sweet or acidic foods','V05'),('V020','Jaw pain','V06'),('V021','Worn tooth enamel','V06'),('V022','Headaches','V06'),('V023','Tooth sensitivity','V06'),('V024','Pain or tenderness in jaw','V07'),('V025','Clicking sound when opening mouth','V07'),('V026','Difficulty chewing','V07'),('V027','Locking of the jaw','V07'),('V028','Mouth sores that don’t heal','V08'),('V029','Lumps in the mouth or throat','V08'),('V030','Difficulty swallowing','V08'),('V031','Chronic sore throat','V08'),('V032','Frequent thirst','V09'),('V033','Dry or sticky feeling in mouth','V09'),('V034','Cracked lips','V09'),('V035','Difficulty swallowing','V09'),('V036','Persistent bad breath','V10'),('V037','Dry mouth','V10'),('V038','White coating on tongue','V10'),('V039','Small painful ulcers in mouth','V11'),('V040','Burning sensation before sores appear','V11'),('V041','Difficulty eating','V11'),('V042','Creamy white lesions on tongue','V12'),('V043','Redness or soreness in mouth','V12'),('V044','Difficulty swallowing','V12'),('V045','Teeth appear longer than usual','V13'),('V046','Exposed tooth roots','V13'),('V047','Sensitivity to cold','V13'),('V048','Pain at the back of the mouth','V14'),('V049','Swelling around jaw','V14'),('V050','Bad breath','V14'),('V051','Difficulty opening mouth','V14'),('V052','Broken or chipped tooth','V15'),('V053','Tooth knocked out','V15'),('V054','Bleeding from gums','V15'),('V055','Tooth sensitivity','V16'),('V056','Discoloration of teeth','V16'),('V057','Cracks in teeth','V16'),('V058','Stains on teeth','V17'),('V059','Yellowing of teeth','V17'),('V060','Brown spots on teeth','V17'),('V061','Intense fear or anxiety at dental visits','V18'),('V062','Avoidance of dental care','V18'),('V063','Panic attacks during dental visits','V18'),('V064','Painful inflammation of gums','V19'),('V065','Swelling of gums around a wisdom tooth','V19'),('V066','Difficulty swallowing','V19'),('V067','Missing one or more teeth','V20'),('V068','Difficulty chewing','V20'),('V069','Speech difficulties','V20'),('W001','Sore throat','W01'),('W002','Difficulty swallowing','W01'),('W003','Red, swollen tonsils','W01'),('W004','White or yellow patches on tonsils','W01'),('W005','Fever','W01'),('W006','Swollen lymph nodes in neck','W01'),('W007','Facial pain or pressure','W02'),('W008','Nasal congestion','W02'),('W009','Thick nasal discharge','W02'),('W010','Reduced sense of smell','W02'),('W011','Cough','W02'),('W012','Fever','W02'),('W013','Ear pain','W03'),('W014','Hearing loss','W03'),('W015','Fluid drainage from ear','W03'),('W016','Fever','W03'),('W017','Difficulty sleeping','W03'),('W018','Difficulty hearing conversations','W04'),('W019','Asking others to speak more slowly','W04'),('W020','Muffled hearing','W04'),('W021','Difficulty hearing high-pitched sounds','W04'),('W022','Tinnitus','W04'),('W023','Ringing in the ears','W05'),('W024','Buzzing or humming sound','W05'),('W025','Hearing loss','W05'),('W026','Difficulty concentrating','W05'),('W027','Dizziness','W05'),('W028','Nasal congestion','W06'),('W029','Runny nose','W06'),('W030','Postnasal drip','W06'),('W031','Reduced sense of smell or taste','W06'),('W032','Facial pain or pressure','W06'),('W033','Nasal congestion','W07'),('W034','Difficulty breathing through one nostril','W07'),('W035','Frequent nosebleeds','W07'),('W036','Facial pain','W07'),('W037','Snoring','W07'),('W038','Hoarse voice','W08'),('W039','Sore throat','W08'),('W040','Dry throat','W08'),('W041','Cough','W08'),('W042','Difficulty speaking','W08'),('W043','Sore throat','W09'),('W044','Difficulty swallowing','W09'),('W045','Red, swollen throat','W09'),('W046','White patches on throat','W09'),('W047','Fever','W09'),('W048','Runny nose','W10'),('W049','Nasal congestion','W10'),('W050','Postnasal drip','W10'),('W051','Frequent sneezing','W10'),('W052','Itchy nose','W10'),('W053','Spinning sensation','W11'),('W054','Nausea','W11'),('W055','Vomiting','W11'),('W056','Loss of balance','W11'),('W057','Headache','W11'),('W058','Vertigo','W12'),('W059','Hearing loss','W12'),('W060','Tinnitus','W12'),('W061','Ear fullness','W12'),('W062','Nausea','W12'),('W063','Loud snoring','W13'),('W064','Gasping for air during sleep','W13'),('W065','Morning headache','W13'),('W066','Daytime sleepiness','W13'),('W067','Difficulty concentrating','W13'),('W068','Hoarseness','W14'),('W069','Breathiness in voice','W14'),('W070','Loss of vocal range','W14'),('W071','Neck pain','W14'),('W072','Vocal fatigue','W14'),('W073','Sudden nosebleed','W15'),('W074','Frequent nosebleeds','W15'),('W075','Blood coming from one or both nostrils','W15'),('W076','Lightheadedness','W15'),('W077','Vertigo','W16'),('W078','Hearing loss in one ear','W16'),('W079','Tinnitus','W16'),('W080','Nausea','W16'),('W081','Loss of balance','W16'),('W082','Lump in the neck','W17'),('W083','Difficulty swallowing','W17'),('W084','Hoarseness','W17'),('W085','Shortness of breath','W17'),('W086','Neck pain','W17'),('W087','Ear pain','W18'),('W088','Itching in ear canal','W18'),('W089','Redness in ear','W18'),('W090','Fluid drainage from ear','W18'),('W091','Hearing loss','W18'),('W092','Pain and swelling in jaw','W19'),('W093','Dry mouth','W19'),('W094','Difficulty swallowing','W19'),('W095','Infection of salivary glands','W19'),('W096','Persistent sore throat','W20'),('W097','Hoarseness','W20'),('W098','Lump in neck','W20'),('W099','Difficulty swallowing','W20'),('W100','Ear pain','W20');
/*!40000 ALTER TABLE `Symptom` ENABLE KEYS */;
UNLOCK TABLES;
/*!40103 SET TIME_ZONE=@OLD_TIME_ZONE */;

/*!40101 SET SQL_MODE=@OLD_SQL_MODE */;
/*!40014 SET FOREIGN_KEY_CHECKS=@OLD_FOREIGN_KEY_CHECKS */;
/*!40014 SET UNIQUE_CHECKS=@OLD_UNIQUE_CHECKS */;
/*!40101 SET CHARACTER_SET_CLIENT=@OLD_CHARACTER_SET_CLIENT */;
/*!40101 SET CHARACTER_SET_RESULTS=@OLD_CHARACTER_SET_RESULTS */;
/*!40101 SET COLLATION_CONNECTION=@OLD_COLLATION_CONNECTION */;
/*!40111 SET SQL_NOTES=@OLD_SQL_NOTES */;

-- Dump completed on 2024-09-09 23:44:20
